,YEAR,MONTH,DISTRICT,PRECTOT,spi_1,spi_3,spi_6,spi_9,spi_12,spi_24
13572,1981,1,Kathmandu,27.66,0.010776964353449717,,,,,
13573,1981,2,Kathmandu,1.14,-1.1388826336221607,,,,,
13574,1981,3,Kathmandu,27.99,0.016682974218227946,-0.39455150512396636,,,,
13575,1981,4,Kathmandu,59.77,0.4386744035339259,-0.13600145159245827,,,,
13576,1981,5,Kathmandu,128.8,0.9822098929823606,0.4870401921193604,,,,
13577,1981,6,Kathmandu,169.99,1.2180356767199194,0.9283232735608048,0.3586052065493071,,,
13578,1981,7,Kathmandu,336.35,1.9193752287355528,1.5374627898952784,1.007659738934497,,,
13579,1981,8,Kathmandu,218.45,1.4538060381084628,1.6984265511269037,1.3624059739872638,,,
13580,1981,9,Kathmandu,87.28,0.689020124297987,1.5503931179697967,1.450113057725642,1.1792399291050868,,
13581,1981,10,Kathmandu,2.27,-0.9420985254605755,0.7870190919609287,1.3651031706684789,1.13419780929098,,
13582,1981,11,Kathmandu,21.53,-0.10980801729026518,0.004674146815811946,1.197470430505359,1.1704247021368568,,
13583,1981,12,Kathmandu,2.27,-0.9420985254605755,-0.781768367544929,0.905774232916124,1.1246530255249167,0.7921937022601093,
13584,1982,1,Kathmandu,78.26,0.6136679343250065,-0.04986052139699674,0.3450485102560987,1.1576306774864582,0.8897298021080492,
13585,1982,2,Kathmandu,9.49,-0.45696068196968,-0.1283251435946155,-0.32789038160531586,0.9378115233374796,0.905552427416933,
13586,1982,3,Kathmandu,19.64,-0.1521410874357612,-0.017239175652808938,-0.6556122246822642,0.6330635438180519,0.8897298021080496,
13587,1982,4,Kathmandu,21.0,-0.12138786537728262,-0.46140593540418384,-0.5546311427869619,-0.16465388810227102,0.8152575274253127,
13588,1982,5,Kathmandu,36.54,0.15457062294589274,-0.2208858040639948,-0.48006308216180715,-0.8178927458638663,0.6308648027384243,
13589,1982,6,Kathmandu,67.9,0.5195752755471271,0.08534052224886772,-0.20124051986749392,-0.9039091057776562,0.4133870801869546,
13590,1982,7,Kathmandu,219.97,1.4606595985392599,0.8344140716402081,0.25084172039436414,-0.11527035716244037,0.14458291710309687,
13591,1982,8,Kathmandu,180.53,1.2725067944811812,1.1966071842662431,0.661412736444669,0.31243835884852894,0.05128388167923161,
13592,1982,9,Kathmandu,124.55,0.9552997886110063,1.3197133610154426,0.8724546026649466,0.5948189553967639,0.14300935119174757,
13593,1982,10,Kathmandu,2.8,-0.878114432525748,0.7866665792857724,0.8375040788896557,0.42447035363584645,0.14429247820105143,
13594,1982,11,Kathmandu,6.84,-0.579418422414973,0.13134587842150486,0.7790534685930784,0.4182675662192954,0.10851120634888292,
13595,1982,12,Kathmandu,4.85,-0.6999637505429671,-1.0343663003484656,0.6484892639198668,0.38335229939901555,0.11482831821589153,0.49997822880618703
13596,1983,1,Kathmandu,0.23,-1.5361956771339713,-1.1123593447302371,0.09305034899909818,0.3334413599909058,-0.08287346104566172,0.4604537762397132
13597,1983,2,Kathmandu,0.13,-1.6625521951058306,-1.4162475000985197,-0.6225214344077041,0.24330434150035793,-0.10757715758381094,0.45899100438242674
13598,1983,3,Kathmandu,9.28,-0.4655892535176416,-1.1942164325899696,-1.720280756867401,0.09028272797554258,-0.1351876516581589,0.4317964838648084
13599,1983,4,Kathmandu,8.58,-0.49551968815304664,-0.9446359807247867,-1.6065447359978045,-0.57786296530225,-0.16866918510699727,0.35643021550226356
13600,1983,5,Kathmandu,48.49,0.312794143802997,-0.30819493088904976,-1.091313076251674,-1.1664104781742153,-0.13644703302574637,0.2352042061971499
13601,1983,6,Kathmandu,96.43,0.7603695643525058,0.22592241366029875,-0.4997373796182124,-1.3259060914777154,-0.06105056079879034,0.120733864009638
13602,1983,7,Kathmandu,138.27,1.040208989220852,0.7121554043446771,0.0351934185244898,-0.6735022180139618,-0.2829416583817565,-0.2060827076329578
13603,1983,8,Kathmandu,86.4,0.6819028475746574,0.8249807448237901,0.28574892656057793,-0.3816313391614729,-0.5648616426195149,-0.44162023900995373
13604,1983,9,Kathmandu,54.5,0.3821182651231997,0.6996282542779512,0.4022015844732572,-0.21985032787955675,-0.7981890804926927,-0.502639313884671
13605,1983,10,Kathmandu,52.44,0.3589836858053585,0.3977766990243893,0.5076506400283164,-0.06264789399258829,-0.6304985976183105,-0.40968230663617844
13606,1983,11,Kathmandu,0.0,-inf,-0.019948044048426705,0.39066289477938465,-0.06302493724852545,-0.6529051450673465,-0.44926729199375803
13607,1983,12,Kathmandu,5.41,-0.662475084123282,-0.384463565084173,0.14454190958867127,-0.07428018787187401,-0.6510627189945246,-0.44346580223225635
13608,1984,1,Kathmandu,4.19,-0.7490256769001236,-1.1957906295734402,-0.3201735005392887,-0.08712103500702388,-0.6380748193698267,-0.5830071718812642
13609,1984,2,Kathmandu,15.04,-0.2698808606810064,-0.8073272577306474,-0.6663107538350795,-0.18765569839731386,-0.5897985872437322,-0.5723506638949049
13610,1984,3,Kathmandu,5.06,-0.6855086527699633,-0.8137618075522153,-1.000535874047568,-0.4912143892637877,-0.6033637386547668,-0.6004179497383048
13611,1984,4,Kathmandu,14.02,-0.2996613991739961,-0.655563192946344,-1.3937332254583774,-1.0065685121357169,-0.5858911387515753,-0.6139381832040568
13612,1984,5,Kathmandu,34.99,0.13145115359818574,-0.42110107911065026,-1.0289304725424433,-1.278630390872028,-0.6294880817477363,-0.6169479350490504
13613,1984,6,Kathmandu,149.69,1.1069115008365014,0.41899672530651255,-0.23913730319835214,-0.8068533597140006,-0.4618695710017176,-0.4616789966244324
13614,1984,7,Kathmandu,205.48,1.3941178351855987,1.0102669674182607,0.3812311118075809,-0.24640536102280766,-0.265317875882837,-0.48867579286970847
13615,1984,8,Kathmandu,219.56,1.4588137577476263,1.4211123757214703,0.830728500034169,0.35575098240144626,0.0853500442521298,-0.4164346870870993
13616,1984,9,Kathmandu,164.91,1.1910361125580815,1.4510997816903797,1.11940420280194,0.7122208308197453,0.3459820136162309,-0.3432809787489424
13617,1984,10,Kathmandu,15.29,-0.2628201014749378,1.0343246144148113,1.121541718328502,0.7352566673420164,0.260878202359993,-0.3209485940053845
13618,1984,11,Kathmandu,0.0,-inf,0.34401562037187916,1.061838371198134,0.703995011243894,0.260878202359993,-0.3331611018352279
13619,1984,12,Kathmandu,2.43,-0.921555442756529,-0.9510267126173769,0.7891805826834217,0.6984896636214338,0.2539433322351359,-0.33749206754659383
13620,1985,1,Kathmandu,17.86,-0.19492133049913746,-0.8931226166008044,0.37055356510100235,0.7065239807696057,0.28562062192673576,-0.3060616505975832
13621,1985,2,Kathmandu,0.51,-1.3474687722079954,-0.8823423174752517,-0.3283112139519849,0.633471900494471,0.2519389192248876,-0.30538726643410935
13622,1985,3,Kathmandu,0.85,-1.2173784485381605,-0.9164678444002803,-1.4901655311518265,0.2909982642982905,0.24210663281472006,-0.3203782836672466
13623,1985,4,Kathmandu,0.76,-1.246557439861772,-1.707533781329602,-1.7584354441283476,-0.2838869961251301,0.2109186937398724,-0.3343417455895804
13624,1985,5,Kathmandu,31.74,0.08046540804098137,-0.6665561781839353,-1.2663736936070826,-1.0197761951154423,0.20322293564807695,-0.36443866997794894
13625,1985,6,Kathmandu,42.64,0.2392783054182886,-0.236608836688443,-0.9061860846509451,-1.7885226669651249,-0.06274508727138464,-0.46288550056972466
13626,1985,7,Kathmandu,295.01,1.769073168099196,0.9569052576691972,0.24253193536305426,-0.38455487461259324,0.1613778536143134,-0.18337413529275975
13627,1985,8,Kathmandu,181.77,1.278785262241411,1.3078571614321413,0.6766759586057016,0.15521870219658412,0.068965574926906,-0.0233865106803584
13628,1985,9,Kathmandu,171.91,1.2281102659604877,1.5626304944320206,1.007286450106584,0.5622502890049801,0.08631376618408014,0.16455409355306067
13629,1985,10,Kathmandu,76.0,0.5938897926298233,1.1070502095831336,1.1368783870529664,0.6876121744591366,0.23247566642462875,0.20117066790334726
13630,1985,11,Kathmandu,0.0,-inf,0.597931594366813,1.0831923634775504,0.686538752734375,0.23247566642462875,0.20117066790334726
13631,1985,12,Kathmandu,4.04,-0.7610605871985767,-0.19934762630753886,1.015978690796569,0.6932456045164755,0.23625219199423653,0.19905097171323732
13632,1986,1,Kathmandu,0.32,-1.459821815278843,-1.4767844394384737,0.40560008629370237,0.6923215524545845,0.1948407846061059,0.19305689704087062
13633,1986,2,Kathmandu,14.25,-0.29280370870247185,-0.9302494361395328,-0.07942525380690146,0.6553204094262944,0.2273307380278277,0.19183215067494747
13634,1986,3,Kathmandu,3.31,-0.825561123773291,-0.9472301788463513,-0.8804507757420739,0.5701070687757207,0.2331093403192222,0.1891177135731518
13635,1986,4,Kathmandu,14.39,-0.2886712033781951,-0.6870612167236975,-1.4998281448110617,-0.1470643887451881,0.26491980526793185,0.18969178308038556
13636,1986,5,Kathmandu,34.45,0.12322369181252152,-0.44045433894449104,-1.098587112121741,-0.6514746992678242,0.2712033596214795,0.1888539231312006
13637,1986,6,Kathmandu,153.4,1.1278915736276778,0.43280065273904633,-0.2504120562985844,-0.7257654115474519,0.5172754179082599,0.19460664929974555
13638,1986,7,Kathmandu,225.84,1.4868627276022481,1.0685944661714766,0.43409410326752246,-0.1959272208214668,0.3659891015175471,0.2260247038361098
13639,1986,8,Kathmandu,102.24,0.8033979523218245,1.2258152755612763,0.6357523682227367,0.09853460109800488,0.18197071882668403,0.041331895693598894
13640,1986,9,Kathmandu,37.96,0.1751415363301097,0.9481216962540375,0.7091672313789251,0.18801566193692262,-0.15783998896483634,-0.16935602048975854
13641,1986,10,Kathmandu,34.07,0.11737811300523934,0.3188787819458721,0.7495767563561019,0.27367324196855886,-0.2736346723958113,-0.13741531651369573
13642,1986,11,Kathmandu,0.34,-1.4455210288682796,-0.25846843742922604,0.6789574504823505,0.23875605674908096,-0.2726747632382816,-0.13683963190088813
13643,1986,12,Kathmandu,32.85,0.0982866320056133,-0.30046948818179803,0.4037652863206596,0.3122913357044827,-0.1925957445266278,-0.08569702210874044
13644,1987,1,Kathmandu,4.45,-0.7289850284436532,-0.6076353581392805,-0.2832493158360786,0.2878060631764527,-0.1813140088669688,-0.10815396456255927
13645,1987,2,Kathmandu,3.61,-0.797745357338874,-0.5661257404324697,-0.776860335005626,0.2101486695768421,-0.21047750228924686,-0.10295032088593406
13646,1987,3,Kathmandu,12.38,-0.3512673793479058,-0.8899295599764212,-0.9563720463472598,-0.18439337074553905,-0.18559702793300437,-0.0836607719769793
13647,1987,4,Kathmandu,10.16,-0.4304058387286914,-0.7803716397424738,-1.1648110652909063,-1.0017223629116871,-0.19717134786826665,-0.06800937261059307
13648,1987,5,Kathmandu,13.01,-0.330848818646878,-0.6356497800528285,-1.0480749677218848,-1.509948355684022,-0.25663489976317594,-0.09926189780811116
13649,1987,6,Kathmandu,34.6,0.12551836270954114,-0.3852200582900943,-1.0331482314669913,-1.5331066986468904,-0.6140253040953899,-0.11275948941003582
13650,1987,7,Kathmandu,215.27,1.4393741181219224,0.6476224486995124,-0.0038966094104986855,-0.6203069870821087,-0.648498867344977,-0.24941901069693875
13651,1987,8,Kathmandu,222.14,1.4703947219907578,1.2047184439003917,0.5784405537779779,0.08836365993388787,-0.2833384449690006,-0.17958610812930545
13652,1987,9,Kathmandu,162.32,1.1770720625690254,1.4701215323363497,0.8857490297494275,0.41397480687573723,0.04757872699978159,-0.19605264260577274
13653,1987,10,Kathmandu,93.49,0.7379484183414622,1.2179816225655689,1.0372856850504635,0.6145978268837934,0.19262838241158012,-0.1660775715167454
13654,1987,11,Kathmandu,0.04,-1.9046240702149255,0.6245258206478023,1.0144380869116134,0.6068568044423206,0.19191434064700894,-0.16600930206576048
13655,1987,12,Kathmandu,2.21,-0.9501201911887751,-0.09016268676368058,0.9562289188514008,0.5846740830195527,0.11803044102208164,-0.16913394840228993
13656,1988,1,Kathmandu,0.98,-1.17968707923897,-1.5754289696543529,0.5184482167102503,0.5644818200352142,0.10954053779926999,-0.16800671570375356
13657,1988,2,Kathmandu,2.29,-0.9394646638633563,-1.3987903473020902,-0.09746248456572414,0.5406945290339513,0.10630422984930255,-0.18848827598524062
13658,1988,3,Kathmandu,39.39,0.1953087879147053,-0.5449517889319594,-0.6280188266809925,0.5513513425505124,0.17180070237926764,-0.12705001436473576
13659,1988,4,Kathmandu,30.25,0.055817304884260885,-0.2619971652459551,-1.0593338716017646,0.10087510666773944,0.21956078710746757,-0.10036803446949007
13660,1988,5,Kathmandu,78.54,0.6160916326257565,0.20073154239288857,-0.5470984407834953,-0.3252231827979102,0.37011332047111106,-0.027196869254346476
13661,1988,6,Kathmandu,101.97,0.8014341611175444,0.4653703298212882,-0.12543849362357415,-0.5354659937635217,0.5173607672912802,-0.11269221369483584
13662,1988,7,Kathmandu,295.4,1.7705467093339151,1.2134381724145693,0.6662243855340647,0.09538311266013572,0.6838095121120052,0.0024761410766607653
13663,1988,8,Kathmandu,199.45,1.3655895840822292,1.4644814907437933,1.0445775732492957,0.5786202251113954,0.6375648475967931,0.157692372200705
13664,1988,9,Kathmandu,56.31,0.40195121884363216,1.3737028034372476,1.07390282610388,0.6947359948071709,0.4119295888289887,0.1862926620572995
13665,1988,10,Kathmandu,13.85,-0.3047862232688937,0.6693567053308004,1.0454850604227564,0.7216049328478025,0.2305973000023957,0.15476575130741013
13666,1988,11,Kathmandu,0.0,-inf,-0.27635523898263314,0.9035843061337545,0.716844272743402,0.23050334969908348,0.15423339737182884
13667,1988,12,Kathmandu,23.75,-0.06350090042299358,-0.6081600728992158,0.7512007765290742,0.6840955860892136,0.2806611504686407,0.1399574308476159
13668,1989,1,Kathmandu,24.3,-0.052530149766361466,-0.4836596460284556,0.08652014173835236,0.671527408937766,0.3340125347727902,0.1710293863791269
13669,1989,2,Kathmandu,8.05,-0.5195047654610165,-0.4011943946299531,-0.6972086931851229,0.5177133981919403,0.3470431326762212,0.17794506511510794
13670,1989,3,Kathmandu,7.76,-0.5331682104044566,-0.5760378135556747,-1.03738668383463,0.29588943584838046,0.27476807470987485,0.17074875747246504
13671,1989,4,Kathmandu,3.35,-0.821733560921785,-0.9178076361755625,-1.131652795270653,-0.5815259752173951,0.2118644454716433,0.16011648271727905
13672,1989,5,Kathmandu,61.25,0.4539375763247044,-0.25854845995933956,-0.6843170220224861,-1.2052592761757293,0.17069777641533912,0.23480555016844715
13673,1989,6,Kathmandu,67.57,0.5164236768900664,0.12091619566762411,-0.4559262604600747,-1.1443554154095117,0.08698076443594589,0.2850342329901784
13674,1989,7,Kathmandu,180.9,1.2743829715766104,0.7920620504080316,0.1204307512871746,-0.43582337202162696,-0.2114974862825467,0.23265823431838278
13675,1989,8,Kathmandu,118.23,0.9141776759323896,0.9498562167613491,0.4179924198287468,-0.06079266129141368,-0.4457703282374712,0.06982720634903973
13676,1989,9,Kathmandu,70.46,0.5436790249129153,0.9574280459176626,0.5654292373065318,0.07044391888396895,-0.4033704210825239,-0.0802250754514514
13677,1989,10,Kathmandu,10.58,-0.4144571775712698,0.4212305188715592,0.5816335250333964,0.03271655440562726,-0.4131051805560279,-0.22112848656269501
13678,1989,11,Kathmandu,1.47,-1.0684320388457804,-0.1811946917650975,0.44276421228143015,0.014387913332159774,-0.4087243292698162,-0.21865111015832397
13679,1989,12,Kathmandu,2.38,-0.9278486606381259,-1.0360523725494062,0.2765518419248583,-0.0007145541182384287,-0.47318020268763866,-0.21835671062546594
13680,1990,1,Kathmandu,0.0,-inf,-1.518178045456274,-0.31942126398408405,-0.010172351490442122,-0.5485783901747492,-0.2200541692122046
13681,1990,2,Kathmandu,21.1,-0.11918634546800919,-0.8289410418041263,-0.82461964042149,-0.12693043223820047,-0.5077985232457704,-0.18761252276455562
13682,1990,3,Kathmandu,11.18,-0.392516438688089,-0.6821656096458623,-1.3549629004700798,-0.30294539972100154,-0.4972229128096563,-0.23637688282727465
13683,1990,4,Kathmandu,5.44,-0.6605580947724063,-0.6065872210652323,-1.422935225129415,-0.9883267893147702,-0.49078238438871497,-0.27982015423107837
13684,1990,5,Kathmandu,13.38,-0.31921276565555395,-0.7168265884176255,-1.2739441910802691,-1.6006847049972004,-0.6427567007519559,-0.3965263827084644
13685,1990,6,Kathmandu,92.2,0.7279645686673087,0.004322006441915852,-0.6013537866308539,-1.4504401550657697,-0.5633710499540414,-0.41436548914382776
13686,1990,7,Kathmandu,359.1,1.9975396264205225,1.1882080635175898,0.56686979370189,-0.028900124924640336,-0.05365915772705594,-0.2996601872648621
13687,1990,8,Kathmandu,149.01,1.1030309570923131,1.47124367874529,0.8336630118211699,0.3565928372941307,0.02519291174333509,-0.390176080214179
13688,1990,9,Kathmandu,111.85,0.8712105745023144,1.5088796180143227,1.0199576111078936,0.606531033995202,0.12780987485191508,-0.2906362547863053
13689,1990,10,Kathmandu,18.06,-0.18995763932542675,0.6988453277961608,1.0421323445350283,0.6454570891422128,0.14596209674978033,-0.2832043601478691
13690,1990,11,Kathmandu,0.0,-inf,0.1091142421331975,1.0186144897181697,0.599919714554771,0.14240390141546058,-0.2832043601478691
13691,1990,12,Kathmandu,0.2,-1.5677767540215597,-0.9383223795114475,0.8489618766959441,0.5758956311596024,0.13711890179910927,-0.3249790395569113
13692,1991,1,Kathmandu,3.98,-0.7659784896018055,-1.4908931636348965,-0.023387355996509065,0.5726838546155539,0.1467602634696579,-0.36142634196392665
13693,1991,2,Kathmandu,0.23,-1.5361956771339713,-1.4729543831273992,-0.6507551613636602,0.5435690070062477,0.09583434515787556,-0.375554391171972
13694,1991,3,Kathmandu,6.58,-0.5933961285168743,-1.15112997942331,-1.6222630013723418,0.3450695843186804,0.08448488362305696,-0.3776912116807281
13695,1991,4,Kathmandu,2.59,-0.902128339021074,-1.203744716392514,-2.0045853935780076,-0.7574588373783189,0.07743004779668493,-0.3790681614944404
13696,1991,5,Kathmandu,28.79,0.03079157801879298,-0.6034530890878386,-1.4119318995159464,-1.3583260572809674,0.11536633300945309,-0.43839287407662186
13697,1991,6,Kathmandu,36.51,0.15412989701874785,-0.2951663738320759,-1.0291829589313148,-1.9239330126546648,-0.024241049583678807,-0.4961284099373829
13698,1991,7,Kathmandu,145.42,1.082357890646274,0.46521950412024926,-0.2504120562985844,-1.0697429836276988,-0.6410203816310363,-0.5632950999135725
13699,1991,8,Kathmandu,114.84,0.8915380144798031,0.7536368629922372,0.13779924102502888,-0.572777217216649,-0.7556701449131468,-0.5697827753909732
13700,1991,9,Kathmandu,83.11,0.6548608031870449,0.8872922741048578,0.34813394983929236,-0.28427477343879437,-0.8567033649053123,-0.5456367220703668
13701,1991,10,Kathmandu,2.76,-0.8825685363633499,0.4268546766263337,0.34857056722001994,-0.28822148970637046,-0.912386320416419,-0.5605430351642053
13702,1991,11,Kathmandu,0.13,-1.6625521951058306,-0.1562087432238881,0.27318641164881385,-0.28854534003891286,-0.9119073087067998,-0.5631039119499193
13703,1991,12,Kathmandu,21.12,-0.11874698136120537,-0.8189627511516011,0.23113148064556183,-0.2420025494015116,-0.8361279782142078,-0.5274643316262568
13704,1992,1,Kathmandu,0.96,-1.1851896672828777,-0.8536033004509133,-0.23941107540425513,-0.247166538514159,-0.8469111872611627,-0.525648641245084
13705,1992,2,Kathmandu,3.47,-0.8104757484645947,-0.7909308099867269,-0.7879816774315568,-0.3291537189755499,-0.8353444484028031,-0.5591487457345672
13706,1992,3,Kathmandu,0.37,-1.4254230820687537,-1.444296993276184,-1.6267169493999898,-0.4524958418506998,-0.8575662500453756,-0.5798547163589927
13707,1992,4,Kathmandu,1.23,-1.1180760330781654,-1.4256059170382338,-1.6558434891941554,-1.0512121817212647,-0.8624621792828658,-0.5879532386997073
13708,1992,5,Kathmandu,21.09,-0.11940614470036695,-0.8441529271983115,-1.335879610413386,-1.6135443584910782,-0.8903846034228655,-0.5731367513615543
13709,1992,6,Kathmandu,59.34,0.4341913610637753,-0.1873963360210978,-0.9660328913939915,-1.802230604811401,-0.8085823574553819,-0.6367436564483875
13710,1992,7,Kathmandu,126.18,0.9656886645297579,0.44961869371483265,-0.28418210428112817,-1.022029027489791,-0.8773230075854039,-1.1271665082573108
13711,1992,8,Kathmandu,116.17,0.9004707022837378,0.7683609569582915,0.10692655107623625,-0.5326299228114659,-0.8725032717307674,-1.202913875844286
13712,1992,9,Kathmandu,88.29,0.697130645984393,0.8520027772066485,0.35080313664964513,-0.30033715614627887,-0.8538294618427584,-1.258449617635276
13713,1992,10,Kathmandu,47.6,0.3020269272478478,0.6119004808711807,0.4655202343043165,-0.15387006202315906,-0.6982648422327363,-1.1889792015725693
13714,1992,11,Kathmandu,7.45,-0.5482346392625714,0.17726338151495546,0.4326080544941781,-0.1418468137579673,-0.6738315592336881,-1.1717083347529413
13715,1992,12,Kathmandu,3.47,-0.8104757484645947,-0.37815852564262453,0.2903136432976468,-0.13253022998985708,-0.7331847928602002,-1.1641586208654777
13716,1993,1,Kathmandu,7.01,-0.5705095901786498,-0.9460494016280347,-0.06750134977550884,-0.11527035716244037,-0.7126697980875595,-1.1571797038758027
13717,1993,2,Kathmandu,1.54,-1.055276268582936,-1.1090768456025333,-0.5384522451485235,-0.1742397135090031,-0.719194654324846,-1.154167362777467
13718,1993,3,Kathmandu,34.0,0.11629617264079367,-0.5462628872704807,-0.8582607848544479,-0.2532982147144316,-0.608010219507586,-1.0917868628966947
13719,1993,4,Kathmandu,18.86,-0.17051023444797128,-0.4178271437687563,-1.0843707367962918,-0.629134539324421,-0.5517316407493728,-1.0553618443538457
13720,1993,5,Kathmandu,58.08,0.42092529998394257,0.003852275442673982,-0.7168611659080383,-0.8705386167492262,-0.4377144643528214,-0.9908453663433269
13721,1993,6,Kathmandu,92.76,0.7323098330551836,0.29910578089925566,-0.2818717239538497,-0.8507012590812918,-0.33900945105555885,-0.8705344670341646
13722,1993,7,Kathmandu,162.01,1.1753914538149997,0.801192855095358,0.23077122815310827,-0.4072094828634073,-0.23726624601766846,-0.8359005281726172
13723,1993,8,Kathmandu,70.63,0.5452585808694663,0.8372234851411552,0.4112896033813286,-0.2010055365544392,-0.36729203294119067,-0.9290396356870666
13724,1993,9,Kathmandu,89.92,0.7100918084049281,0.8291493432111178,0.543902707481869,0.051111759476765814,-0.3625222270042962,-0.9145144698573185
13725,1993,10,Kathmandu,5.64,-0.6479943698108551,0.2836703588586437,0.5134875870935086,0.04734043672895586,-0.4882908213238493,-0.908391582807023
13726,1993,11,Kathmandu,2.05,-0.9724550285853363,-0.0780436481855962,0.3780328041659425,0.04874512203199104,-0.5049491372890526,-0.904316191022312
13727,1993,12,Kathmandu,0.0,-inf,-1.2782499852164695,0.12451699758831712,-0.046958801505331764,-0.5157136439869692,-0.9494356600419593
13728,1994,1,Kathmandu,16.16,-0.2389193528412139,-0.939485843320492,-0.40034258706419545,-0.05474547800247613,-0.4874301264281368,-0.9168987790748848
13729,1994,2,Kathmandu,2.22,-0.9487704914382188,-0.9355405370309187,-0.7596907196081304,-0.2227314231816603,-0.4853411187804922,-0.9195619519343006
13730,1994,3,Kathmandu,3.96,-0.7676314644477091,-0.8510278342674955,-1.6043807733039348,-0.5228660235757682,-0.579371510743033,-0.9119193083390095
13731,1994,4,Kathmandu,1.31,-1.1006622624427207,-1.2878519564126425,-1.6873560011962736,-1.2428766533388125,-0.6360477757010317,-0.9117492077527437
13732,1994,5,Kathmandu,21.54,-0.1095915935150267,-0.7689758363216032,-1.3744179505646503,-1.5517968077682551,-0.7585952288377537,-0.9107925613487617
13733,1994,6,Kathmandu,94.21,0.743481543839095,0.03911356023294506,-0.6225214344077039,-1.5218916283591863,-0.753607606296375,-0.837520563283499
13734,1994,7,Kathmandu,109.2,0.8528999363707124,0.5177108628562461,-0.20272085959994385,-0.9419287429236494,-0.942699564270332,-0.8729911638109578
13735,1994,8,Kathmandu,68.75,0.5276455677064587,0.6774989599081287,0.02816500223907162,-0.6566701711120719,-0.9497340854949898,-0.9741900425416232
13736,1994,9,Kathmandu,110.13,0.8593582527437417,0.7272384569979413,0.3323347330350577,-0.2668032268837096,-0.8752561400430019,-0.9271802913731183
13737,1994,10,Kathmandu,2.67,-0.8927928292388742,0.34965923079355166,0.33585938688965145,-0.31049613778793284,-0.8860465532641468,-1.0246663178469946
13738,1994,11,Kathmandu,0.96,-1.1851896672828777,0.020267135819608678,0.2816532234778927,-0.31462696695504316,-0.8900197377127402,-1.0390019117879152
13739,1994,12,Kathmandu,0.02,-2.0370487002563764,-1.5357140993648173,0.004886447517343558,-0.3276003791922505,-0.8899467717081364,-1.0466494986706758
13740,1995,1,Kathmandu,4.61,-0.7171282643148927,-1.39188810521016,-0.38814222523379416,-0.3167284960003704,-0.9324870497170675,-1.0519806842308148
13741,1995,2,Kathmandu,8.28,-0.508945717354686,-1.080814106589723,-0.694793645058769,-0.3607855402459722,-0.9100659157779237,-1.0370321041997026
13742,1995,3,Kathmandu,5.57,-0.6523496706602506,-0.9336941184145483,-1.7653356008715597,-0.6851204197319064,-0.9041469491125168,-1.10058236908578
13743,1995,4,Kathmandu,1.91,-0.9932528177715401,-0.9999501973037925,-1.7831680333685784,-1.1818192076812863,-0.9019451354971918,-1.1391043963537995
13744,1995,5,Kathmandu,11.22,-0.3910869022177769,-0.9281933752295557,-1.5765231657341578,-1.5338020472067946,-0.9401233546722719,-1.2482129786167206
13745,1995,6,Kathmandu,132.27,1.0037658196909682,0.1873180766095791,-0.4962227027043615,-1.387865672053266,-0.8024319736887019,-1.1559606116073708
13746,1995,7,Kathmandu,158.83,1.1580351600108387,0.7702350951636878,0.08780413774177126,-0.631931253175743,-0.6344796373659829,-1.1632824988026258
13747,1995,8,Kathmandu,184.19,1.290963146494517,1.2120549287788434,0.5478429918850829,-0.02704561230546525,-0.28384868877672104,-0.9120043620424348
13748,1995,9,Kathmandu,44.91,0.2686003709180358,1.0046252189544131,0.635103377455974,0.09732302194345038,-0.47580947773188287,-1.009189992163222
13749,1995,10,Kathmandu,13.12,-0.32736290690694514,0.5785258958429897,0.6591941667924508,0.12012384442544208,-0.44404834636009005,-0.9928298850637941
13750,1995,11,Kathmandu,24.79,-0.042910356101109284,-0.1789445088753906,0.6879285769245524,0.16370460267525486,-0.3730981424477338,-0.9436101428437792
13751,1995,12,Kathmandu,10.68,-0.41073358093448176,-0.4778130123268924,0.4117340283167717,0.17702358992790646,-0.34199468888050105,-0.9207557776982155
13752,1996,1,Kathmandu,29.87,0.04939016934810153,-0.3168619307990318,0.055286918747385,0.2485489662308699,-0.2697689739311057,-0.8916563271453742
13753,1996,2,Kathmandu,13.13,-0.3270471326204377,-0.4249897498455921,-0.6385446930953967,0.25335445343883145,-0.25612998941101633,-0.8686879351125512
13754,1996,3,Kathmandu,0.29,-1.4828537837145075,-0.5374922911515513,-0.9245507480080009,-0.1057463609541238,-0.27098167389103983,-0.8763958571338334
13755,1996,4,Kathmandu,28.72,0.02956862351928734,-0.5511727311925103,-0.8146628707462682,-0.5334766034874174,-0.19643104081142598,-0.8192695790775171
13756,1996,5,Kathmandu,17.15,-0.21289110423721244,-0.5045249383683104,-0.8668626700589782,-1.2960763486796452,-0.1802239028188023,-0.8283511028083951
13757,1996,6,Kathmandu,98.83,0.7783433000574548,0.18391259133952845,-0.3843834507305098,-1.0088999062912778,-0.27295705250098656,-0.818794484319379
13758,1996,7,Kathmandu,134.17,1.0154172200890779,0.6054904131869446,0.006701098247574866,-0.5045062131010452,-0.3435321463853785,-0.7676251555411323
13759,1996,8,Kathmandu,195.62,1.347196514150788,1.1045289588344256,0.503569056984048,0.03357624968882819,-0.310578886777974,-0.5192258459289625
13760,1996,9,Kathmandu,72.24,0.560092386777279,1.0399598558022078,0.6638627596380977,0.19797644378124082,-0.23345421731257152,-0.5914988584327695
13761,1996,10,Kathmandu,28.35,0.02306792579129734,0.7519509455516595,0.6630748576186347,0.19405927914345375,-0.1914462432701441,-0.542347868182964
13762,1996,11,Kathmandu,0.13,-1.6625521951058306,-0.058252786916584774,0.6264490587447717,0.16027743020225216,-0.2598068592012369,-0.543925359871785
13763,1996,12,Kathmandu,0.0,-inf,-0.7411002971553093,0.39682879830834,0.15951803683343355,-0.28997949753388536,-0.5439633807677003
13764,1997,1,Kathmandu,5.5,-0.656749898922667,-1.3894069018651658,0.037285528554736436,0.09786158355276574,-0.3601844976707378,-0.5422718630009283
13765,1997,2,Kathmandu,0.06,-1.8239419268012917,-1.3937589627044822,-0.8226735701389079,0.05135928248629309,-0.39865061177687106,-0.5579268273246744
13766,1997,3,Kathmandu,1.06,-1.158613272125578,-1.3323211843670417,-1.5187707986071308,-0.23612608609415944,-0.3963680992610606,-0.5665469501360365
13767,1997,4,Kathmandu,28.46,0.025007024441691336,-0.7234352870073296,-1.51702722162519,-0.6020544419833623,-0.3971385861301778,-0.5161132587647553
13768,1997,5,Kathmandu,18.68,-0.17483060758217175,-0.4820305925842508,-1.2707713987012974,-1.4718730730251757,-0.3926079546908773,-0.502075921690902
13769,1997,6,Kathmandu,75.24,0.5871503940774339,0.06872032560459763,-0.6811776457031204,-1.4520770936718796,-0.46339090446983083,-0.6108923477154155
13770,1997,7,Kathmandu,172.31,1.230200386612325,0.6584861466121121,0.01805300055748936,-0.7205254386054877,-0.349923992313744,-0.5848538805334933
13771,1997,8,Kathmandu,115.61,0.896717616598792,0.9405295216590053,0.34839079818952273,-0.3009237103012688,-0.5942582698864639,-0.7194889296221193
13772,1997,9,Kathmandu,26.61,-0.008366220687635746,0.8060694355200857,0.4126965315099411,-0.21603607219743093,-0.7455127461383031,-0.7563603189485592
13773,1997,10,Kathmandu,4.95,-0.693017567196848,0.19587864301305838,0.35362142657014023,-0.21775472253470896,-0.8270627192597867,-0.7729565049340129
13774,1997,11,Kathmandu,2.25,-0.9447521768718711,-0.6599654629640663,0.310992462125175,-0.21092002209538704,-0.819553550004961,-0.8191869488891019
13775,1997,12,Kathmandu,16.68,-0.22510075875801336,-0.8213938962372337,0.14861943532184707,-0.16282729020671144,-0.7613171613771685,-0.8068162494298052
13776,1998,1,Kathmandu,0.59,-1.3111472851664199,-0.9098190065109419,-0.4825153791838994,-0.24945180771688388,-0.7783069186215887,-0.867639242855228
13777,1998,2,Kathmandu,4.18,-0.7498168035251834,-0.8689059811840827,-1.253991666081677,-0.29604107710777305,-0.7640423072868434,-0.8864629652853699
13778,1998,3,Kathmandu,7.65,-0.5384581146333776,-1.0961681668643548,-1.4999826016672226,-0.5293205592877355,-0.7414075390877962,-0.8709752739513061
13779,1998,4,Kathmandu,10.59,-0.4140835743207655,-0.849448880056678,-1.417825407066409,-1.2586982388063575,-0.8033095868187853,-0.9092625249870492
13780,1998,5,Kathmandu,40.71,0.21346684145763886,-0.37414045069163293,-1.0148244645708913,-1.7706164097908499,-0.727232103603083,-0.8595966920365534
13781,1998,6,Kathmandu,61.51,0.4565928074311622,0.014769907102692022,-0.703301439720971,-1.5080362224884012,-0.7743510624752998,-0.9386314923783596
13782,1998,7,Kathmandu,161.87,1.1746318150250494,0.6515567702961601,-0.012145316307612347,-0.7018636983300948,-0.8108357847008274,-0.8797831245812494
13783,1998,8,Kathmandu,188.48,1.3123125884273508,1.0641342323523935,0.4942727749892142,-0.06921225447391174,-0.5673374216506413,-0.8948483104922857
13784,1998,9,Kathmandu,97.37,0.767443709702255,1.1493757280228971,0.6930050489807994,0.1535911983561493,-0.35231052327233897,-0.8421358939737509
13785,1998,10,Kathmandu,27.3,0.004274736432447477,0.8020649099928978,0.7276756221787322,0.22266384349153248,-0.2880478560076015,-0.8443211259031512
13786,1998,11,Kathmandu,1.56,-1.0516121854475284,0.08958494721483524,0.6453727598211308,0.21598058792167665,-0.2900079148277046,-0.8413454133424763
13787,1998,12,Kathmandu,0.0,-inf,-0.7349380867105563,0.5077671114001998,0.19635370170754696,-0.33785107740672626,-0.8413454133424763
13788,1999,1,Kathmandu,2.55,-0.9068878132502641,-1.4965215366142384,0.08529620881449708,0.17554179987952478,-0.3321826390607199,-0.8474871389831922
13789,1999,2,Kathmandu,0.5,-1.3523590378458592,-1.5938381130917239,-0.6795536366117946,0.06845287928882875,-0.3428358242215335,-0.8465703412393738
13790,1999,3,Kathmandu,0.0,-inf,-1.5938381130917239,-1.5713617364171066,-0.10627926702822442,-0.36512548658107064,-0.8487794338119943
13791,1999,4,Kathmandu,3.6,-0.7986408854724595,-1.497332322550939,-2.2330504436833505,-0.6409337085140983,-0.3856649791998306,-0.9010299600581166
13792,1999,5,Kathmandu,41.68,0.2265453456969217,-0.5144627943649416,-1.3347720458216863,-1.3444199740581668,-0.3828047216107086,-0.8526594359506398
13793,1999,6,Kathmandu,83.88,0.6612525020876437,0.1051658837152073,-0.6627131426999195,-1.4287537675726454,-0.3177215982670595,-0.8346756574065022
13794,1999,7,Kathmandu,89.33,0.7054183635089577,0.48084099709159606,-0.25487972107819046,-1.075816854579635,-0.5352225447738116,-1.0117347982461822
13795,1999,8,Kathmandu,115.12,0.8934240798089801,0.7280050821694537,0.13449008242862823,-0.5821308935997066,-0.7769528336064311,-1.0128103821317698
13796,1999,9,Kathmandu,60.33,0.44447976800659666,0.6537950172101624,0.3030024986376837,-0.36697862858366104,-0.9092929845196747,-0.9396394660234196
13797,1999,10,Kathmandu,51.8,0.3516681453616129,0.5259852403472934,0.4255491694143157,-0.20758906701063337,-0.8208977110975607,-0.8407006911845735
13798,1999,11,Kathmandu,0.0,-inf,0.010814837896670128,0.3201449400660635,-0.20914490643661127,-0.8264241840046466,-0.8453830595523447
13799,1999,12,Kathmandu,0.01,-2.1633067549362055,-0.4439373501876225,0.08324375498774027,-0.20911377793763977,-0.8263887150838699,-0.8802883660347604
13800,2000,1,Kathmandu,0.9,-1.2023208621280834,-1.9538436319738943,-0.21908255956110023,-0.2175359040429171,-0.8322485929745231,-0.8796357775165142
13801,2000,2,Kathmandu,1.35,-1.092298354446677,-1.6879149523279031,-0.7697911748129233,-0.34775727598004263,-0.8292279798248208,-0.885598225016092
13802,2000,3,Kathmandu,3.1,-0.8463156047481,-1.4071016639241063,-1.2332420879047647,-0.6386690798039848,-0.818245523771557,-0.8952078728516542
13803,2000,4,Kathmandu,5.74,-0.6418484009585425,-1.1731052618065592,-2.0982038304351103,-1.0003197280473504,-0.8106948802762581,-0.9054830881232538
13804,2000,5,Kathmandu,58.2,0.42219719992382443,-0.30233004025682875,-1.1120273146822897,-1.3033142029055784,-0.7532296736961372,-0.8685830504511464
13805,2000,6,Kathmandu,158.44,1.155891738302557,0.5083982049029234,-0.2207382773814341,-0.8124502992591649,-0.5100618083555036,-0.6713751141418407
13806,2000,7,Kathmandu,139.31,1.0464236668519555,0.9213531683863749,0.2276917155978179,-0.4706691831576401,-0.3596880076714217,-0.7162247407201242
13807,2000,8,Kathmandu,170.84,1.2225044011550281,1.197035058025696,0.6400729036475088,0.05956663687297587,-0.20191974428843046,-0.7517235942325791
13808,2000,9,Kathmandu,125.06,0.9585595559518394,1.1201408160534947,0.8859191228880019,0.3784962368116224,-0.02977472361782686,-0.6961699979084978
13809,2000,10,Kathmandu,1.42,-1.0781639902205353,0.7552906675332033,0.8777377820788492,0.37973499452669557,-0.1627888622626974,-0.7480634017351638
13810,2000,11,Kathmandu,2.5,-0.9129267751997417,0.1042158863732601,0.768991718064824,0.3824722753715002,-0.15603040997206621,-0.7461641410536645
13811,2000,12,Kathmandu,0.02,-2.0370487002563764,-1.5105425019330996,0.41821373225153535,0.3751340588893642,-0.15600341066154097,-0.7461237432131606
13812,2001,1,Kathmandu,0.3,-1.4749479832215031,-1.6187893250296261,0.03189035905290133,0.36211761285508326,-0.15762385502789392,-0.7506716282128073
13813,2001,2,Kathmandu,0.14,-1.6465124877826294,-2.1372239838739713,-0.6786267960093197,0.2185082374756371,-0.16089476104903266,-0.7513998763699854
13814,2001,3,Kathmandu,5.02,-0.6882235196092281,-1.4000579809529436,-2.1732628275269676,-0.21266551213050874,-0.1557064363465763,-0.7412594452976452
13815,2001,4,Kathmandu,6.09,-0.6210024542809081,-1.1349592781761468,-1.9878233704154233,-0.6803201253373193,-0.15476173875541188,-0.7362412446747839
13816,2001,5,Kathmandu,42.44,0.2366424672850159,-0.4262907069471005,-1.267949489052011,-1.2941405973157827,-0.1976375739332052,-0.7347111125139694
13817,2001,6,Kathmandu,73.06,0.5675620688269396,0.0643820298165122,-0.6925604590929434,-1.6377658053406587,-0.44311233010213935,-0.7565629458542188
13818,2001,7,Kathmandu,160.65,1.1679947740110808,0.6901396881812976,-0.009226387161240295,-0.7670059515664229,-0.37950618406984327,-0.6151223437086198
13819,2001,8,Kathmandu,156.52,1.1452913558677793,1.0104437324554896,0.42955864673787386,-0.213819608747303,-0.42200967017430907,-0.5356848795835332
13820,2001,9,Kathmandu,118.29,0.9145746053283841,1.1207301515225456,0.6857004948114811,0.12600699891920336,-0.44235773468047473,-0.427497438222524
13821,2001,10,Kathmandu,21.47,-0.11110814378596298,0.7521617982350601,0.7177630927974743,0.18159282057786127,-0.38256896877145563,-0.48368524392841744
13822,2001,11,Kathmandu,0.28,-1.4910084753141222,0.16094495088312974,0.6284700255720272,0.18195588604485355,-0.38911930318947346,-0.48316231109735386
13823,2001,12,Kathmandu,0.0,-inf,-0.8628143970187311,0.4620286071642005,0.16890080506746982,-0.38917839264074316,-0.48318098589689895
13824,2002,1,Kathmandu,12.11,-0.3602666512160647,-1.0971243273617979,0.058753531586803416,0.1845475183322678,-0.3545244331392901,-0.4623100382426291
13825,2002,2,Kathmandu,10.44,-0.4197170495266278,-0.8468926545725045,-0.50242977594822,0.10009521331353731,-0.3246826486897248,-0.44547859036105686
13826,2002,3,Kathmandu,22.24,-0.09462536256659529,-0.5200604318828393,-1.138044055570621,-0.04106572108857952,-0.27555555978509627,-0.4103039281717658
13827,2002,4,Kathmandu,6.51,-0.5972356052520461,-0.5876267309299161,-1.2958256717231267,-0.5402641069610984,-0.2743689609290444,-0.40889629752090634
13828,2002,5,Kathmandu,61.15,0.4529142816112261,-0.1291442862729262,-0.7821800854709732,-0.9333722392658773,-0.22205138757204454,-0.4035086984967702
13829,2002,6,Kathmandu,74.38,0.5794689740090911,0.17086641908605132,-0.38951611350729953,-1.1512632846186843,-0.21839968242759072,-0.5604284143638819
13830,2002,7,Kathmandu,126.94,0.9705033642344301,0.6462866366642336,0.03671526497914607,-0.6697258400431899,-0.3133016703028991,-0.5841420083910054
13831,2002,8,Kathmandu,76.39,0.5973306565714468,0.6950494776044575,0.23176863975592304,-0.39014232973135343,-0.5542571954879979,-0.7709816688454193
13832,2002,9,Kathmandu,54.99,0.38753176174938425,0.6326878375924672,0.3198834364162854,-0.2109823351184748,-0.7630760645548951,-0.916834890338142
13833,2002,10,Kathmandu,21.43,-0.11197640791472849,0.2226895889577356,0.35842657218891305,-0.1821497028060984,-0.7632140744584599,-0.87450391403716
13834,2002,11,Kathmandu,0.1,-1.7185026289986418,-0.22593894341007098,0.19424532954583643,-0.21416284553574735,-0.7638352212029664,-0.8795515822399286
13835,2002,12,Kathmandu,10.69,-0.41036273242458,-0.6830528013166743,0.00102233112325344,-0.25053186977603426,-0.727232103603083,-0.8571711287471447
13836,2003,1,Kathmandu,5.32,-0.6682786970675155,-0.9908642242424062,-0.47183222647698325,-0.2543166839464644,-0.7504143019854503,-0.8466953437371761
13837,2003,2,Kathmandu,44.06,0.2577459299467399,-0.3637767916854147,-0.6380436803812772,-0.3094811513280336,-0.6378131682121618,-0.756461630832035
13838,2003,3,Kathmandu,2.38,-0.9278486606381259,-0.44445101399264053,-0.9856751384939028,-0.5609280322691959,-0.7036731279771739,-0.7618153623975475
13839,2003,4,Kathmandu,6.34,-0.606701230964121,-0.4340456206530566,-1.1158408831496378,-1.082933061950936,-0.7042449191181763,-0.7613080041607032
13840,2003,5,Kathmandu,9.14,-0.4714281133108693,-0.9477032380160924,-1.0355191997671722,-1.472072474869059,-0.8861922336748966,-0.8295942987108026
13841,2003,6,Kathmandu,87.58,0.691435629651841,-0.04364891015277265,-0.5411911952680231,-1.2705904090788818,-0.8386228307529987,-0.7996422904848934
13842,2003,7,Kathmandu,153.24,1.126993352011184,0.6048510003430666,0.040133348416897446,-0.650767401519747,-0.7467114691957675,-0.8148930847330912
13843,2003,8,Kathmandu,81.56,0.6418741728108688,0.8286360634855399,0.15397036263200567,-0.355818463759011,-0.729067308676417,-0.9733877722767443
13844,2003,9,Kathmandu,49.48,0.32461008003836467,0.7155320746386955,0.28545482706721104,-0.22992076580470114,-0.7478765373122522,-1.126255391206799
13845,2003,10,Kathmandu,29.45,0.04221670521654265,0.25812088804685795,0.3460519390028433,-0.15541581289166614,-0.7205492424624131,-1.1081349710492385
13846,2003,11,Kathmandu,0.03,-1.9603884215540872,-0.20741370183006114,0.3224442890642056,-0.29350687029745615,-0.7207863763344269,-1.1087010328503095
13847,2003,12,Kathmandu,12.31,-0.35358571080779094,-0.5553931504998262,0.11201302234378438,-0.26152443896773153,-0.7153045903612574,-1.0809510909105546
13848,2004,1,Kathmandu,22.29,-0.0935698974201507,-0.6483880237669599,-0.35332273232289024,-0.21120044580212535,-0.6586389902298458,-1.0581897218623881
13849,2004,2,Kathmandu,0.07,-1.7925877254983298,-0.6478287503090283,-0.7746257717942169,-0.239662541590789,-0.8084767826313829,-1.0813775073906182
13850,2004,3,Kathmandu,17.93,-0.19317925882457432,-0.5737944195415686,-1.001024719284072,-0.473127013795351,-0.7543980286474272,-1.091066294199625
13851,2004,4,Kathmandu,142.09,1.0628938151710978,0.25630468303100434,-0.35504361162871145,-0.5132991318513274,-0.3281414474340509,-0.7997654910937753
13852,2004,5,Kathmandu,107.75,0.842759260617255,0.6634501486032015,0.0391847219209583,-0.42026649909782493,-0.058185307365662645,-0.7054538580977728
13853,2004,6,Kathmandu,166.82,1.2012470939760056,1.0758069037841311,0.4614060371609996,-0.05044484998889481,0.14075642484810086,-0.5259511890615896
13854,2004,7,Kathmandu,365.73,2.0197788342615466,1.5470847629233406,1.1390817571012581,0.757846096153035,0.615272259854471,-0.1013236034070185
13855,2004,8,Kathmandu,177.8,1.2585900789713769,1.6733396720848448,1.417187722640514,1.099575733754771,0.8082950871578009,0.06490860235565829
13856,2004,9,Kathmandu,150.65,1.1123711882867493,1.644882908576041,1.6049925811528114,1.3397680051808778,0.9996331930237007,0.21525168209888734
13857,2004,10,Kathmandu,67.32,0.5140291548434741,1.0243704105126419,1.5010017656373367,1.4139837486282332,1.0685538310364944,0.2853369558246712
13858,2004,11,Kathmandu,23.22,-0.07425287633276127,0.5749809714015436,1.377718234387471,1.4514553803836594,1.110086934208098,0.320174625636906
13859,2004,12,Kathmandu,0.05,-1.860534537610359,-0.12444497085108733,1.1128603847226417,1.4225537924833187,1.0881914301650897,0.3041805877428465
13860,2005,1,Kathmandu,49.6,0.32603106617429656,-0.2544776563269506,0.4891695580180214,1.2685524977708307,1.136778164191052,0.3703182511895219
13861,2005,2,Kathmandu,13.36,-0.3198353165649204,-0.33724272892303003,0.04474080653446719,1.102758510432737,1.1601797951193293,0.3245825496780585
13862,2005,3,Kathmandu,21.74,-0.10527883633634212,-0.16542807326119421,-0.4418659601883877,0.8274955476532861,1.1668599343384662,0.35348609169793876
13863,2005,4,Kathmandu,23.89,-0.060690587533499825,-0.3737677934470603,-0.6647102528893009,0.03127371978560919,0.9533776844838752,0.3795055838790259
13864,2005,5,Kathmandu,27.66,0.010776964353449717,-0.25114095568575495,-0.6396589239802677,-0.43386741607374113,0.8006738964784104,0.4067790996410072
13865,2005,6,Kathmandu,153.1,1.1262069278374232,0.4421054598238209,-0.0028527081821927702,-0.42533372646044243,0.7737898273954138,0.501798842769602
13866,2005,7,Kathmandu,285.91,1.734361022549,1.1927063142214234,0.618429301347687,0.21978376640830768,0.6127694409240005,0.6876474904278452
13867,2005,8,Kathmandu,260.05,1.6320153531296702,1.653512361912536,1.0917753288815648,0.7585425021946431,0.778567565022042,0.9252958499699091
13868,2005,9,Kathmandu,84.66,0.6676876656216063,1.528995408072877,1.1964960760216408,0.9264432730818705,0.646237339881487,0.9706166855897304
13869,2005,10,Kathmandu,146.26,1.0872234602412194,1.2467004684482306,1.386836018989654,1.1065154380472908,0.8039116613522714,1.1178138309168426
13870,2005,11,Kathmandu,0.0,-inf,0.5390736502771509,1.3451988127974874,1.0822983587155484,0.7583271330208262,1.1177766498792747
13871,2005,12,Kathmandu,0.04,-1.9046240702149255,0.19167988298152697,1.0995583607350707,1.042521032951954,0.7583073630394468,1.1025434629953645
13872,2006,1,Kathmandu,0.0,-inf,-2.712904726613711,0.5410500150772779,0.998073431796318,0.6587224779022981,1.0747358617566514
13873,2006,2,Kathmandu,0.0,-inf,-2.712904726613711,-0.2083544940607435,0.945714775696075,0.6313585428527253,1.0746482582947692
13874,2006,3,Kathmandu,23.87,-0.061091310187253,-0.8215813434083692,-0.4658883900850311,0.6867703127003053,0.6357371047576899,1.0820758668963226
13875,2006,4,Kathmandu,16.04,-0.24215644947100562,-0.5785395848482858,-1.4457445564240627,0.04038631199525984,0.6195699767648047,0.921694180318774
13876,2006,5,Kathmandu,132.59,1.0057355466828273,0.31126304722928677,-0.45470479805954955,-0.3452887468979268,0.8291962508530817,0.9537701318453771
13877,2006,6,Kathmandu,220.97,1.4651529782076982,0.9574541806137984,0.3017594438541017,0.06471138193802017,0.9579592188784023,1.0228841192753413
13878,2006,7,Kathmandu,292.34,1.7589542870411008,1.5574744547249304,0.9385356883228806,0.432475306742867,0.9699052461464618,0.928946275395985
13879,2006,8,Kathmandu,162.67,1.178967132137545,1.6123748163307803,1.2178476212149036,0.7853575255911752,0.7842406104144822,0.9093245747008758
13880,2006,9,Kathmandu,195.53,1.3467616760120538,1.566042012927202,1.4782559272555895,1.1555194950040204,0.9948315876433242,0.9672705533357563
13881,2006,10,Kathmandu,29.14,0.03687392778095775,1.0031291320054176,1.4969767022726248,1.2067837267047055,0.7719594507354959,0.9180246423107097
13882,2006,11,Kathmandu,1.82,-1.0073219372025393,0.5232572911809592,1.3030182286094536,1.2099560561293712,0.7755405133201425,0.8901745347372673
13883,2006,12,Kathmandu,21.08,-0.11962602214227999,-0.44157931231299075,0.9691518297730812,1.2050915849182777,0.8166560094400039,0.9175446485715155
13884,2007,1,Kathmandu,0.0,-inf,-0.8400685356214402,0.34551171041130263,1.1769681403917256,0.8166560094400039,0.8527094260121104
13885,2007,2,Kathmandu,82.72,0.6516084489046746,-0.03908002578347631,0.12463613034956883,1.0877541548843914,0.9735197424329411,0.9431045435790174
13886,2007,3,Kathmandu,32.09,0.08613282344008988,0.026305266659482716,-0.4817454480941597,0.72148031001972,0.9887139803573939,0.9564324339284885
13887,2007,4,Kathmandu,48.4,0.3117116384616082,0.27038930640634573,-0.39271338938662814,0.15490379349495506,1.047879488153633,0.9878322503282018
13888,2007,5,Kathmandu,62.5,0.46663348273136107,0.17554510244545013,-0.14936043795418225,-0.12516678475403595,0.918401567069538,1.0320804580629377
13889,2007,6,Kathmandu,206.98,1.401135297454902,0.8157436593182373,0.40225124905975207,-0.09123263490172308,0.8919513963712763,1.0996448572953537
13890,2007,7,Kathmandu,302.5,1.7971760976870113,1.41564278072383,1.0273818125395886,0.5952771361451626,0.9111811839621912,1.1202423188071768
13891,2007,8,Kathmandu,239.39,1.5458270964146275,1.739606951253788,1.2865366337507895,1.068411945719722,1.0529511324767884,1.094577077894475
13892,2007,9,Kathmandu,181.52,1.2775215626283138,1.6960420142690875,1.50840840204292,1.3480480596313604,1.027499400346287,1.2136475115569922
13893,2007,10,Kathmandu,24.59,-0.04681962349447495,1.1442253096910338,1.4744365752050301,1.388688540555279,1.0191926449552204,1.0635586543414655
13894,2007,11,Kathmandu,2.0,-0.9797395404336575,0.4553363473265539,1.385851241888615,1.253191489660718,1.0195216476623663,1.0660672174886952
13895,2007,12,Kathmandu,0.02,-2.0370487002563764,-0.772405450337955,1.0533216396291283,1.197613602750596,0.9808111242984336,1.0660421389164383
13896,2008,1,Kathmandu,14.79,-0.2770324776722991,-0.9731637561871718,0.4741935003965001,1.138217611358668,1.0080426598578038,1.0845489665999863
13897,2008,2,Kathmandu,0.68,-1.275168402092976,-1.00707237602553,-0.23675413556353928,1.0256729077928943,0.8541342300128678,1.08539799517759
13898,2008,3,Kathmandu,20.69,-0.12826297802322567,-0.6273442365440755,-1.1749669730040575,0.655831755519369,0.8321740591515697,1.0814261366595634
13899,2008,4,Kathmandu,26.79,-0.0050455381828701336,-0.48246462958554803,-1.153218134636115,-0.01688866695693948,0.7901387275922146,1.0948387021736723
13900,2008,5,Kathmandu,111.02,0.8655059224643736,0.24905424374692345,-0.44791701091137176,-0.41784178065761995,0.8837792596553691,1.0678850343419581
13901,2008,6,Kathmandu,311.86,1.83172971368319,1.1538866247269994,0.529177299918814,-0.01130443125299954,1.0776588507217464,1.180370021755473
13902,2008,7,Kathmandu,314.76,1.8423124320628845,1.7205016300889555,1.1145995149784138,0.6905985763508,1.0996207558337758,1.207687100124263
13903,2008,8,Kathmandu,283.21,1.7239373495371533,1.9966342096819687,1.5464151208535437,1.225333576880446,1.1770048893929,1.3518002718129523
13904,2008,9,Kathmandu,203.99,1.3871163441789522,1.827700221385623,1.7897761076839236,1.5597544070131708,1.2160349791754421,1.3617463226963018
13905,2008,10,Kathmandu,25.61,-0.027122306452002396,1.293835904342818,1.7882812616250376,1.5765337175856935,1.2177965458158675,1.357598864685265
13906,2008,11,Kathmandu,0.05,-1.860534537610359,0.534560171637925,1.6436890471664176,1.57555913259911,1.2144280831632093,1.3555178561971344
13907,2008,12,Kathmandu,0.98,-1.17968707923897,-0.7718897115765474,1.1856348489341944,1.5449181040397786,1.2160868024286051,1.3318198481943437
13908,2009,1,Kathmandu,0.07,-1.7925877254983298,-1.9005969340763802,0.5925744585147852,1.5029039552955779,1.1905674434893871,1.3319025908335087
13909,2009,2,Kathmandu,0.46,-1.3728325201778055,-1.8091722214523984,-0.20759171179623187,1.3228044842765794,1.1901846413598836,1.2336199607062293
13910,2009,3,Kathmandu,5.95,-0.6292207587110182,-1.3399339842205156,-1.5509341599043613,0.7579690046974126,1.1644418221667985,1.2019377351073992
13911,2009,4,Kathmandu,1.51,-1.0608499996263205,-1.2674643380770896,-2.191613174061212,0.015115099939666844,1.1198471566168084,1.144540885295454
13912,2009,5,Kathmandu,121.02,0.9325002361903973,0.10157211573268579,-0.6754472114599226,-0.497234516643004,1.1375554437462976,1.2160609977261936
13913,2009,6,Kathmandu,107.13,0.8383963175756972,0.534595775559807,-0.18874619792730254,-0.8863282235117482,0.7552811332510029,1.0933310360505524
13914,2009,7,Kathmandu,219.03,1.4564245917593959,1.1481243919117494,0.45696943052456906,-0.17684233864506718,0.5599953828919383,0.9880620129302587
13915,2009,8,Kathmandu,303.65,1.8014547917417567,1.5274741556770186,1.067646362911192,0.5990049504340457,0.6027174163261882,1.0693262189693034
13916,2009,9,Kathmandu,54.1,0.3776740817563118,1.425179348869575,1.1491514180982416,0.712179140912617,0.2746061364703934,0.9066851126117821
13917,2009,10,Kathmandu,51.06,0.34313084254824844,1.0566727463412926,1.2298935555355195,0.8163769754597802,0.33290138095933997,0.9409760129991348
13918,2009,11,Kathmandu,2.92,-0.8650663492716919,-0.01310125003337061,1.0321290096601248,0.8213020320662229,0.33940364787532185,0.9421629591317675
13919,2009,12,Kathmandu,3.03,-0.8534960641194019,-0.39244623145168345,0.8404088379132936,0.8154550239731975,0.34403940923776605,0.9460440650119274
13920,2010,1,Kathmandu,0.24,-1.5264934317332866,-1.3561579233703016,0.35771183372045373,0.812907986115808,0.3444235132415936,0.9272508941012215
13921,2010,2,Kathmandu,11.08,-0.3961079190092279,-1.0383094169554388,-0.7200537402807587,0.5824823359605793,0.36832088220606685,0.9406921298265227
13922,2010,3,Kathmandu,0.22,-1.5462863846771264,-1.1250441624000231,-1.1190166708281724,0.33615973836246316,0.3554509459602336,0.9141961791499976
13923,2010,4,Kathmandu,2.22,-0.9487704914382188,-1.0623561745106558,-1.8235111565121045,-0.26347436303617217,0.35704867157463893,0.8821766342175534
13924,2010,5,Kathmandu,60.47,0.44592533784670635,-0.33812991108156626,-1.041219186275553,-1.280429516366433,0.2175796419285258,0.8155371572582233
13925,2010,6,Kathmandu,98.65,0.7770052191651698,0.2619700149404657,-0.45310950101795455,-1.041755181297388,0.1975029241689111,0.5221995082632003
13926,2010,7,Kathmandu,218.94,1.45601853853893,0.9794053490337824,0.2967506975042502,-0.36435087884901607,0.19728909330747774,0.38318341478584345
13927,2010,8,Kathmandu,341.26,1.9364974344745942,1.581294593022827,1.003603206359854,0.5468627832337107,0.28529793499651,0.4679764535899225
13928,2010,9,Kathmandu,227.12,1.4925219938468361,1.803761846391997,1.373400867841039,1.0027951801322872,0.6598235498419458,0.5012685123883723
13929,2010,10,Kathmandu,42.72,0.24033019215032278,1.492000731399263,1.4333865242768467,1.0812241607078694,0.6427752959468791,0.5257202558594263
13930,2010,11,Kathmandu,0.88,-1.208253748440173,0.6729071471320525,1.3445758950845206,1.0625891339239413,0.6385912056696698,0.5269026551405307
13931,2010,12,Kathmandu,2.57,-0.9045002466765941,-0.5044128418668363,1.1936029091112337,1.066893302212436,0.6376469685136567,0.5291667711147849
13932,2011,1,Kathmandu,0.9,-1.2023208621280834,-1.47755498105969,0.8045849814292122,1.0644764422354438,0.6390016555677511,0.530348166375168
13933,2011,2,Kathmandu,12.38,-0.3512673793479058,-0.9975982320922521,-0.011948338061811416,0.974987386909429,0.6416682814329159,0.5472769128593072
13934,2011,3,Kathmandu,10.37,-0.4223678523342408,-0.8257210877233471,-1.1072155648772088,0.8027760634560902,0.6624116034775388,0.5535363159326279
13935,2011,4,Kathmandu,19.41,-0.15749945955253677,-0.5509323782063988,-1.3574938541295056,0.36576173234572645,0.6972365678545123,0.5787876767434209
13936,2011,5,Kathmandu,142.66,1.0662456823420337,0.31100395362794225,-0.383059728475555,-0.1682509481668158,0.8587388602811225,0.6091083383501684
13937,2011,6,Kathmandu,179.45,1.2670168434859521,0.8822164278101013,0.2249954458496276,-0.3191940911796897,1.0101692781190197,0.7088513115526369
13938,2011,7,Kathmandu,287.52,1.740549116670055,1.4891859853742464,0.8749269506081268,0.36223757409223867,1.1336142670893103,0.8011633638459691
13939,2011,8,Kathmandu,261.75,1.6389233235829184,1.7052025016201107,1.3009898193103309,0.9207415026093926,0.990078497929529,0.7449309721792634
13940,2011,9,Kathmandu,162.53,1.178209408178541,1.6758724548295356,1.5253913303500661,1.2134382049364039,0.8688465424092872,0.8889470672875379
13941,2011,10,Kathmandu,6.3,-0.6089583003735684,1.1091878399468191,1.5068778691490192,1.2228195651039637,0.7984875667295226,0.8300875481602119
13942,2011,11,Kathmandu,0.47,-1.3675699465032918,0.29735785756226246,1.2961203507419092,1.2020886957418364,0.7976868478488641,0.8268422337029304
13943,2011,12,Kathmandu,0.8,-1.2332337438906658,-1.2839855388197514,0.999342224341437,1.1853245719091356,0.7942278304194599,0.8238861805928518
13944,2012,1,Kathmandu,13.74,-0.3081282695745096,-1.0199879612482805,0.43397234676194674,1.1753468726233192,0.8192377489335261,0.8417502346599114
13945,2012,2,Kathmandu,5.59,-0.6511007605585221,-0.8965495224023314,-0.37804330164269906,0.9229388543563296,0.8060359211148682,0.8344945616553223
13946,2012,3,Kathmandu,10.19,-0.4292495772270346,-0.7243853941307247,-1.487884427539084,0.575126058401256,0.8056852210132833,0.8476619363552379
13947,2012,4,Kathmandu,11.14,-0.39394999358875404,-0.7670981626203711,-1.4179630370122238,-0.12746879279414994,0.789531773101915,0.8594082268547105
13948,2012,5,Kathmandu,19.28,-0.16054933976165037,-0.5698251417302741,-1.1955671186454322,-1.0410109886174028,0.5383488757427202,0.8048945850694911
13949,2012,6,Kathmandu,72.37,0.5612803954863932,-0.04532177876230501,-0.6621432549408715,-1.572539596839155,0.3025120473123634,0.7697441844349447
13950,2012,7,Kathmandu,314.16,1.8401275788051432,1.0492993485442932,0.40235057365388205,-0.20292869956548543,0.36293709625753534,0.8957459595203394
13951,2012,8,Kathmandu,227.13,1.4925661313743044,1.4968928310342375,0.8796346847118602,0.40564900909912127,0.28416825086052183,0.7442688988681637
13952,2012,9,Kathmandu,300.62,1.7901608398883886,1.8917391197914901,1.3674512147815843,1.0289207412679455,0.5867754884906387,0.8424368349530951
13953,2012,10,Kathmandu,26.94,-0.00229082775257591,1.3808809471333707,1.3910985410800802,1.0532992810870045,0.6295477845017743,0.8215516997350206
13954,2012,11,Kathmandu,5.83,-0.6363912272287927,0.8596989734959037,1.370983802395738,1.0537405928829104,0.6405608792010477,0.8281141621753736
13955,2012,12,Kathmandu,0.0,-inf,-0.6749680141979993,1.2595882175780304,1.0349425420721015,0.6389195698530776,0.8247082492072612
13956,2013,1,Kathmandu,9.42,-0.4598198955790374,-1.013488696021331,0.7126104440705526,1.0317572183227959,0.6300417307845653,0.8359889984922957
13957,2013,2,Kathmandu,43.67,0.2527162067236733,-0.4309133107876404,0.28315356773294875,1.0765950339828738,0.7074557790037256,0.8771638156875384
13958,2013,3,Kathmandu,15.49,-0.2572350841631587,-0.28939985500160664,-0.8563136386207073,0.9709001641565344,0.7180829425747174,0.8838637064828627
13959,2013,4,Kathmandu,29.34,0.040325605871389655,-0.13875996562846624,-0.8397873813292971,0.36774925940149766,0.7543113502619917,0.8968280916639889
13960,2013,5,Kathmandu,121.28,0.9341938970320918,0.28331596289503913,-0.2540482173771772,0.09947648161647436,0.9502452500040885,0.8688660456741274
13961,2013,6,Kathmandu,301.02,1.7916555912008707,1.1584314249863308,0.6065065452607752,0.10055242552345225,1.3524650063197379,1.0255045732720696
13962,2013,7,Kathmandu,221.42,1.4671710055182512,1.5534363749676967,1.0221471207376,0.5720013737201343,1.194827668458522,0.9410405293054067
13963,2013,8,Kathmandu,344.07,1.9462324652413836,1.930285719853602,1.49609398174528,1.228607261975414,1.3924947645424446,1.045983812082282
13964,2013,9,Kathmandu,177.45,1.256796409702627,1.7295397955024614,1.7165028414655956,1.5212276342645796,1.1839844335838978,1.0647378566887116
13965,2013,10,Kathmandu,156.98,1.1478383715580645,1.6169069773140945,1.877697879692643,1.7454811778278865,1.403779453506436,1.2498355703033188
13966,2013,11,Kathmandu,2.8,-0.878114432525748,0.8703778489508066,1.7284084559782542,1.684892379324889,1.398806628196497,1.2526387845946663
13967,2013,12,Kathmandu,0.1,-1.7185026289986418,0.25534992579945937,1.3035598599547713,1.6617862392043532,1.3989708550648368,1.2517967991515826
13968,2014,1,Kathmandu,8.92,-0.4807486967326318,-1.1156646722272003,0.9468158209941542,1.6308746257375861,1.3981496474335278,1.2459948821643487
13969,2014,2,Kathmandu,18.24,-0.18552586949197963,-0.7613325214837454,0.22310239275358526,1.4702077539273994,1.3561388453626775,1.2612061255171652
13970,2014,3,Kathmandu,19.8,-0.148441381696134,-0.4956151151126335,-0.3039800208999517,0.9832193083959557,1.3632930458058399,1.2727279216937926
13971,2014,4,Kathmandu,12.78,-0.3382121992079056,-0.4541784939027041,-1.17627054488465,0.5580248263277702,1.3357280209714373,1.2746912696826487
13972,2014,5,Kathmandu,135.25,1.021993643718796,0.29090985514988804,-0.3534517109253116,0.04425245624628812,1.3589955662599897,1.4114369695134084
13973,2014,6,Kathmandu,235.01,1.5269907896814132,0.9921816750343798,0.3955576085007977,0.19761593456807752,1.2477133058356695,1.5966944163595096
13974,2014,7,Kathmandu,308.64,1.8199118303054485,1.617625438797388,1.0177303738801602,0.5589103301347158,1.3940408577012962,1.5905242375498956
13975,2014,8,Kathmandu,318.59,1.8562022845331818,1.923641466489531,1.4924600080649841,1.179063884437318,1.3518994718295585,1.6917473569062849
13976,2014,9,Kathmandu,222.05,1.4699921015822983,1.9033561153414729,1.7652057621186243,1.5464953913142616,1.425349048873948,1.6049200964149344
13977,2014,10,Kathmandu,71.24,0.5509053870491999,1.4934926052178952,1.838897208217704,1.6423530013618861,1.2828113982510554,1.6540681703466045
13978,2014,11,Kathmandu,0.0,-inf,0.7431264144534215,1.6651159221268734,1.6145898762752027,1.2780608892199965,1.6476288092106337
13979,2014,12,Kathmandu,19.62,-0.15260514732224378,-0.12261315666883932,1.3605809285224135,1.6143147136405556,1.3110491351588793,1.669265365420904
13980,2015,1,Kathmandu,10.02,-0.43583764006084796,-0.7224866929504857,0.8553084838328006,1.6100926281395314,1.3128991653397681,1.669925506667259
13981,2015,2,Kathmandu,8.82,-0.4850458797856075,-0.5969725185458042,0.12897776590566734,1.4104480080780526,1.2970254393118645,1.6314315988154648
13982,2015,3,Kathmandu,76.37,0.5971544884178825,-0.09362844925198817,-0.3928912753603041,1.1401094557917406,1.3913265395721703,1.6984782028914467
13983,2015,4,Kathmandu,68.51,0.5253737683072575,0.22685758804157863,-0.40509728722558014,0.675018833660561,1.481919368991989,1.7411301498007397
13984,2015,5,Kathmandu,68.05,0.5210043926274729,0.47352404281067595,-0.13271611499947739,0.07809124389306431,1.3724022513544007,1.6830765095960094
13985,2015,6,Kathmandu,170.67,1.221611756425437,0.7847555907101841,0.3253137339151461,-0.06618895096277269,1.264385130748125,1.5378881034782714
13986,2015,7,Kathmandu,298.18,1.7810175667051171,1.3444156400723228,0.9473287488376064,0.5113143563466088,1.2465145896898582,1.6239178505699816
13987,2015,8,Kathmandu,388.41,2.0941529192259623,1.9158679713990208,1.549007694225572,1.2680571091707709,1.3641552514307673,1.6729170156180362
13988,2015,9,Kathmandu,135.67,1.0245421761034197,1.8604700153066918,1.6302593261857752,1.4601156350565334,1.2180382613220027,1.6267604741767143
13989,2015,10,Kathmandu,51.71,0.3506343715810569,1.4232163992676115,1.607510448681652,1.5263066800084242,1.184158745408887,1.5084482264749197
13990,2015,11,Kathmandu,0.15,-1.6314833988300952,0.3743211903432225,1.513361773326592,1.512655047819202,1.1844201970079833,1.5054314864632903
13991,2015,12,Kathmandu,0.0,-inf,-0.4434240610583742,1.2587042756696536,1.3897719598920346,1.1500565032144454,1.5053176094088654
13992,2016,1,Kathmandu,2.56,-0.9056920582020791,-1.6313557875497668,0.7302634019840363,1.2795665231166133,1.1369018338583525,1.4980693688582813
13993,2016,2,Kathmandu,10.37,-0.4223678523342408,-1.080197670827787,-0.3305862868321156,1.1797503988312639,1.1396391138581516,1.4890847652444643
13994,2016,3,Kathmandu,21.92,-0.10142267487585502,-0.6453182115624853,-0.9640767063153155,0.9051942555463557,1.0421649247606262,1.4915067032141658
13995,2016,4,Kathmandu,5.04,-0.6868638757604658,-0.6117132381177531,-1.4444581787081243,0.2634861036857503,0.924929850367417,1.4826583001072977
13996,2016,5,Kathmandu,110.02,0.8585962059142388,0.14557231866531672,-0.5664200372117482,-0.5791838182534312,1.0029039687339507,1.4536988718408068
13997,2016,6,Kathmandu,261.58,1.6382337248352725,0.9757427860330342,0.3487246387007163,-0.15505200233601485,1.1659489568249979,1.4841913870361216
13998,2016,7,Kathmandu,357.54,1.9922726126871397,1.705925359371823,1.0817184232071733,0.6193564870601738,1.2684558812033888,1.5397990416418796
13999,2016,8,Kathmandu,114.62,0.8900540322449751,1.7138261848073406,1.2533298869556226,0.8556454886485549,0.7679999480766935,1.3033388063394256
14000,2016,9,Kathmandu,254.65,1.6098930726942688,1.7019120834970116,1.594909086475368,1.318288343296726,0.9945554271694008,1.3419506486077664
14001,2016,10,Kathmandu,72.55,0.5629229626673544,1.1356522939648066,1.6855449575416754,1.4336741684694718,1.032710484402479,1.3434954636879064
14002,2016,11,Kathmandu,0.0,-inf,0.8423174663055296,1.5360870962454134,1.4168484854113774,1.0324373727778184,1.3434954636879064
14003,2016,12,Kathmandu,0.0,-inf,-0.2570294230952603,1.1373626568295043,1.3809786953810956,1.0324373727778184,1.3203040863325823
14004,2017,1,Kathmandu,9.52,-0.45574042046502117,-1.1989555128298857,0.4479154035196595,1.3883437362874202,1.0450868898037602,1.3197115390158811
14005,2017,2,Kathmandu,0.03,-1.9603884215540872,-1.1977660899694205,0.14374854633124337,1.2021410979462455,1.026277473997598,1.3092820250202144
14006,2017,3,Kathmandu,57.82,0.41816330764152293,-0.2995409031945441,-0.6196742121628783,0.8220220134230628,1.091146275099122,1.2871937335871388
14007,2017,4,Kathmandu,71.15,0.5500743066325217,0.10432148753808339,-0.6273576043223498,0.17291378190343482,1.2075257139410525,1.2903438217300434
14008,2017,5,Kathmandu,126.03,0.9647362159358878,0.6217050455523543,-0.08624276719091625,0.20242659633342108,1.2351410366727522,1.3589856820839223
14009,2017,6,Kathmandu,128.86,0.9825857290130301,0.839036748451642,0.30160068434671455,-0.14715498339791883,0.9993574221945495,1.3095908613924814
14010,2017,7,Kathmandu,239.33,1.54557046250604,1.2537955030344092,0.8198449459004271,0.30541997641653323,0.7746554528981354,1.2391482257914634
14011,2017,8,Kathmandu,344.93,1.9492026827567428,1.6781754822787576,1.402417147651084,1.03531269577399,1.1995340303240267,1.186391102175498
14012,2017,9,Kathmandu,145.59,1.0833440093491167,1.707146769076094,1.5290039838321139,1.292913219781314,1.004942020201634,1.1984821564095842
14013,2017,10,Kathmandu,48.25,0.3099043311558656,1.3482831622904028,1.4966208057580075,1.3578318325806387,0.9600430612456861,1.1942686034980166
14014,2017,11,Kathmandu,0.05,-1.860534537610359,0.39997227340875263,1.3100338462614913,1.3578650009051596,0.9601360599288964,1.1941467658342264
14015,2017,12,Kathmandu,0.02,-2.0370487002563764,-0.48073012213867944,1.1016821691542844,1.2604622776400145,0.9601732586847983,1.1941711336309315
14016,2018,1,Kathmandu,0.08,-1.7651088021999075,-2.414927465419214,0.6471573585761407,1.1361637421931672,0.942569667971664,1.191148519786398
14017,2018,2,Kathmandu,0.08,-1.7651088021999075,-2.3714868527651447,-0.35784542795991187,0.9017402475128309,0.9426631501475428,1.1785853521287404
14018,2018,3,Kathmandu,0.53,-1.3379384388739721,-2.0297154652815457,-1.326456013509867,0.6401896648716899,0.8337971824580843,1.1523569389093322
14019,2018,4,Kathmandu,2.87,-0.8704471533650613,-1.551286124819157,-2.5712795490228486,0.0718883366388587,0.6991501222524279,1.1496874785036648
14020,2018,5,Kathmandu,4.81,-0.7027752242609522,-1.2542344079637782,-2.223548548801628,-1.1851921973368662,0.4450567014485941,1.0182977205044537
14021,2018,6,Kathmandu,5.69,-0.6449103719615282,-1.0668305400762756,-1.9881605052704157,-2.309269720714292,0.16298939654028227,0.6810539664307584
14022,2018,7,Kathmandu,8.92,-0.4807486967326318,-0.9120260813794553,-1.7473271137888524,-3.064242471031456,-0.4563701405524406,0.1720737688018841
14023,2018,8,Kathmandu,8.18,-0.5135074115558784,-0.8422042320824755,-1.5871415971274172,-2.8494832099790544,-1.8232026959019145,0.0024435376293197985
14024,2018,9,Kathmandu,2.16,-0.9569476525355084,-0.9155765217557342,-1.5591326095322242,-2.800763171602404,-3.0030060104754215,-0.43439512243304834
14025,2018,10,Kathmandu,0.17,-1.6039756505170417,-1.1612552593780272,-1.606183586654428,-2.798771136298345,-3.8483828918206324,-0.5703191877990198
14026,2018,11,Kathmandu,0.01,-2.1633067549362055,-1.6771783803037374,-1.6991139756277491,-2.8003201160530904,-3.849427489973851,-0.57030002874635
14027,2018,12,Kathmandu,0.02,-2.0370487002563764,-2.346094177766989,-1.829903227016357,-2.8116867933027008,-3.849427489973851,-0.5702617109669769
14028,2019,1,Kathmandu,0.33,-1.4525742938338664,-2.2002770796002062,-2.1077604198536672,-2.870558441371156,-3.842915640861659,-0.5879147198584604
14029,2019,2,Kathmandu,2.38,-0.9278486606381259,-1.6290382616601753,-2.437113727748224,-2.9308205393810414,-3.784809721031225,-0.583391819416573
14030,2019,3,Kathmandu,1.01,-1.17161432586242,-1.5294840244941326,-2.540902011005144,-3.060344089518036,-3.773071897940271,-0.6944793998324793
14031,2019,4,Kathmandu,2.57,-0.9045002466765941,-1.3694908928543885,-2.3454510943510094,-3.276693373818733,-3.7803929869327306,-0.833762497157293
14032,2019,5,Kathmandu,2.54,-0.908087541023628,-1.3601705643601174,-2.200037513195057,-3.5375431172840788,-3.8374765231248413,-1.1009437476452477
14033,2019,6,Kathmandu,4.66,-0.7134926371681455,-1.1891376406949365,-2.007719348984219,-3.4106336294983133,-3.8644266001336796,-1.3953663221984243
14034,2019,7,Kathmandu,12.98,-0.33180349352382954,-0.8954762695131525,-1.6784247686714404,-2.966470388282483,-3.76194211156987,-2.025093263191847
14035,2019,8,Kathmandu,6.2,-0.6146522800474121,-0.8221440602918341,-1.6056422298427258,-2.814832396143388,-3.810691748777898,-3.430956866466708
14036,2019,9,Kathmandu,8.21,-0.512134243968597,-0.7591430182083868,-1.4868224451205707,-2.646936913265482,-3.6681412265714015,-4.482592322866766
14037,2019,10,Kathmandu,0.73,-1.2569611543697798,-1.0164570818882814,-1.5152880228196222,-2.6394653322199386,-3.655840836351718,-5.087823511392059
14038,2019,11,Kathmandu,1.14,-1.1388826336221607,-1.1772502354548697,-1.5377569900113817,-2.662822477309677,-3.631428428617527,-5.070798849849347
14039,2019,12,Kathmandu,0.85,-1.2173784485381605,-1.6301951649125008,-1.6029420281082047,-2.6658789408926,-3.6138321003628464,-5.05796906208171
