DATE,PRECTOT,PS,QV2M,RH2M,T2M,T2MWET,T2M_MAX,T2M_MIN,T2M_RANGE,TS,WS10M,WS10M_MAX,WS10M_MIN,WS10M_RANGE,WS50M,WS50M_MAX,WS50M_MIN,WS50M_RANGE
1/31/1981,27.66,84.22,4.28,56.27,7.5,-1.55,13.57,3.59,9.98,5.35,1.73,3.72,0.51,3.2,1.87,3.32,0.66,2.66
2/28/1981,1.14,84.08,4.04,41.24,11.26,-2.11,18.38,6.4,11.98,9.33,2.18,4.9,0.66,4.25,2.33,4.51,0.8,3.71
3/31/1981,27.99,84.07,5.06,41.12,14.48,0.81,21.27,9.13,12.14,14.35,2.35,4.96,0.51,4.44,2.51,4.52,0.67,3.85
4/30/1981,59.77,83.86,6.26,39.88,18.38,3.5,25.27,12.14,13.13,18.53,2.59,5.31,0.49,4.82,2.69,4.68,0.63,4.05
5/31/1981,128.8,83.7,10.07,54.24,20.99,10.82,26.72,15.6,11.12,22.06,2.34,4.76,0.49,4.28,2.46,4.17,0.71,3.46
6/30/1981,169.99,83.39,12.47,60.8,22.66,13.58,27.88,17.88,10,23.62,2.41,4.78,0.52,4.26,2.57,4.35,0.75,3.61
7/31/1981,336.35,83.41,16.8,89.06,21.11,18.82,24.26,18.37,5.89,21.68,2.13,4.28,0.44,3.84,2.34,4,0.69,3.31
8/31/1981,218.45,83.43,16.45,90.14,20.58,18.46,23.64,17.95,5.69,20.9,1.88,3.9,0.41,3.5,2.09,3.66,0.64,3.02
9/30/1981,87.28,83.89,14.56,88.01,19.07,16.51,22.51,16.34,6.17,19.14,1.8,3.69,0.51,3.18,2.03,3.4,0.75,2.65
10/31/1981,2.27,84.07,9.47,68.91,16.16,9.62,21.28,12.63,8.65,14.77,1.72,3.7,0.45,3.25,1.83,3.27,0.62,2.65
11/30/1981,21.53,84.16,6,54.93,12.42,2.34,18.34,8.67,9.67,10.15,1.68,3.55,0.44,3.11,1.78,3.11,0.51,2.59
12/31/1981,2.27,84.37,3.69,42.36,9.28,-3.7,16.05,5.27,10.78,6.21,1.71,4.08,0.49,3.6,1.81,3.6,0.63,2.96
1/31/1982,78.26,84.27,3.79,43.6,9.39,-3.1,16.05,5.17,10.88,6.86,1.81,4.02,0.56,3.46,1.98,3.69,0.7,2.99
2/28/1982,9.49,83.99,4.21,50.41,8.83,-1.81,15.54,3.93,11.61,7.34,2.05,4.44,0.63,3.81,2.24,4.2,0.82,3.38
3/31/1982,19.64,83.99,5.33,46.53,13.57,1.47,20.35,8.38,11.98,13.27,2.32,5.01,0.61,4.4,2.46,4.61,0.7,3.91
4/30/1982,21,83.8,6.03,37.01,18.96,3.44,25.82,12.58,13.24,19.53,2.71,5.57,0.58,4.99,2.94,5.21,0.75,4.46
5/31/1982,36.54,83.83,7.1,35.95,22.07,5.78,28.78,15.6,13.18,23.19,2.67,5.52,0.45,5.08,2.84,5.09,0.59,4.5
6/30/1982,67.9,83.4,12.13,57.15,23.19,13.53,28.75,18.17,10.58,25.12,2.54,5.06,0.54,4.52,2.6,4.49,0.71,3.77
7/31/1982,219.97,83.39,14.97,73.4,22.53,16.99,26.82,19,7.82,23.81,2.38,4.76,0.52,4.23,2.55,4.38,0.82,3.56
8/31/1982,180.53,83.46,16.19,85.87,21.11,18.23,24.62,18.24,6.38,21.59,2.01,4.21,0.4,3.81,2.17,3.87,0.65,3.22
9/30/1982,124.55,83.78,13.88,83.02,19.17,15.56,22.95,16.17,6.78,19.11,1.79,3.69,0.48,3.21,1.95,3.34,0.7,2.64
10/31/1982,2.8,84.24,8.64,62.68,16.28,8.48,21.67,12.26,9.41,15.45,1.91,3.78,0.42,3.36,2.05,3.28,0.52,2.76
11/30/1982,6.84,84.22,5.84,53.92,12.46,2.72,18.54,8.59,9.95,10.78,1.8,4.13,0.42,3.71,1.9,3.63,0.56,3.07
12/31/1982,4.85,84.23,3.55,39.81,9.73,-3.69,16.61,5.58,11.04,7.06,1.72,4.23,0.44,3.79,1.82,3.71,0.54,3.17
1/31/1983,0.23,84.25,2.75,36.34,7.48,-6.88,14.42,3.11,11.31,5.12,1.92,4.44,0.46,3.98,2.02,3.89,0.58,3.31
2/28/1983,0.13,84.05,2.45,27.22,9.44,-8.24,16.79,4.16,12.63,7.94,2.26,4.9,0.57,4.33,2.42,4.46,0.74,3.72
3/31/1983,9.28,83.92,3.21,25.39,14.96,-5.21,22.64,8.92,13.72,14.59,2.7,5.64,0.65,5,2.98,5.4,0.82,4.58
4/30/1983,8.58,83.83,4.72,31.04,18.1,-0.33,25.16,11.96,13.21,18.77,2.79,5.86,0.68,5.18,3.06,5.65,0.87,4.77
5/31/1983,48.49,83.75,7.76,40.64,21.63,6.87,27.99,15.38,12.61,23.12,2.65,5.49,0.41,5.08,2.75,4.91,0.5,4.41
6/30/1983,96.43,83.53,9.81,44.5,24.08,9.91,30.05,18.1,11.95,25.59,2.61,5.08,0.62,4.46,2.81,4.61,0.91,3.7
7/31/1983,138.27,83.51,15.43,74.72,22.7,17.5,27.04,19.08,7.96,24.15,2.25,4.54,0.49,4.05,2.34,4.01,0.77,3.24
8/31/1983,86.4,83.61,15.71,79.89,21.86,17.81,26.1,18.47,7.64,22.98,2.26,4.72,0.47,4.26,2.41,4.31,0.78,3.53
9/30/1983,54.5,83.79,14.23,79.07,20.45,16.24,24.71,17.25,7.46,21.2,1.91,4.1,0.41,3.69,2.11,3.74,0.66,3.09
10/31/1983,52.44,84.02,9.72,63.59,17.43,9.44,22.79,13.76,9.03,17.13,1.74,3.75,0.38,3.37,1.82,3.21,0.54,2.67
11/30/1983,0,84.35,4.9,43.02,13.29,0.17,19.97,9.11,10.86,11.25,1.86,4.17,0.47,3.7,1.92,3.54,0.62,2.92
12/31/1983,5.41,84.24,3.06,35.4,9.54,-5.81,16.57,5.39,11.18,6.61,1.78,4.21,0.57,3.64,1.89,3.74,0.74,3
1/31/1984,4.19,84.04,2.5,31.81,7.91,-8.31,15.28,3.39,11.89,5.38,1.97,4.62,0.64,3.97,2.14,4.29,0.78,3.51
2/29/1984,15.04,84.05,2.65,28.64,10.22,-7.8,18.11,4.79,13.32,8.42,2.23,4.99,0.7,4.28,2.43,4.6,0.94,3.65
3/31/1984,5.06,83.92,3.09,21.52,16.72,-5.4,24.76,10.55,14.21,15.84,2.62,5.69,0.57,5.12,2.72,5.06,0.68,4.38
4/30/1984,14.02,83.76,4.27,23.52,20.6,-1.44,28.1,13.63,14.47,21.24,2.93,5.85,0.68,5.17,3.22,5.62,0.79,4.83
5/31/1984,34.99,83.52,7.99,39.67,22.67,6.16,29.29,16.32,12.98,23.89,2.72,5.52,0.59,4.93,2.79,4.81,0.82,3.99
6/30/1984,149.69,83.26,14.45,71.61,22.33,16.39,26.72,18.66,8.06,23.79,2.26,4.43,0.51,3.92,2.34,3.89,0.8,3.09
7/31/1984,205.48,83.42,15.56,85.05,20.63,17.6,24.16,17.69,6.46,21.51,2.09,4.15,0.5,3.66,2.25,3.81,0.78,3.03
8/31/1984,219.56,83.46,15.76,84.86,20.88,17.79,24.57,17.83,6.74,21.32,2,4.02,0.44,3.58,2.22,3.69,0.76,2.93
9/30/1984,164.91,83.79,13.69,86.22,18.37,15.36,22,15.68,6.33,18.31,1.99,3.93,0.59,3.34,2.24,3.74,0.86,2.88
10/31/1984,15.29,84.06,9.7,66.69,16.86,9.79,21.88,13.27,8.61,15.63,1.76,3.66,0.42,3.24,1.87,3.21,0.54,2.67
11/30/1984,0,84.31,4.71,44.63,12.15,-0.08,18.47,8.19,10.28,9.56,1.8,3.9,0.46,3.44,1.9,3.36,0.62,2.74
12/31/1984,2.43,84.05,3.5,38.21,9.99,-4.09,16.9,5.81,11.1,7.07,1.74,4.14,0.48,3.66,1.88,3.71,0.61,3.1
1/31/1985,17.86,84.17,3.46,43.34,8.09,-4.41,15.01,3.51,11.5,5.78,1.95,4.13,0.69,3.45,2.14,3.82,0.89,2.93
2/28/1985,0.51,83.67,2.36,25.78,10.37,-8.57,18.1,4.88,13.22,8.19,2.26,5.07,0.54,4.53,2.34,4.45,0.66,3.79
3/31/1985,0.85,83.85,2.82,19.32,17,-6.72,25.08,10.3,14.78,16,2.71,5.65,0.65,5,2.93,5.25,0.72,4.53
4/30/1985,0.76,83.66,4.4,24.18,20.89,-1.09,28.45,14.02,14.42,21.62,3,6.13,0.78,5.36,3.24,5.82,1,4.83
5/31/1985,31.74,83.6,6.75,33.87,22.34,4.39,29,15.53,13.47,23.62,2.68,5.3,0.71,4.59,2.81,4.75,0.89,3.86
6/30/1985,42.64,83.24,11.01,48.28,24.38,11.88,30.19,18.91,11.28,26.54,2.71,5.4,0.58,4.82,2.76,4.79,0.76,4.02
7/31/1985,295.01,83.5,15.01,81.71,20.75,17.08,24.56,17.65,6.92,21.88,2.28,4.5,0.52,3.98,2.41,4.07,0.84,3.23
8/31/1985,181.77,83.49,16.16,86.33,21,18.19,24.61,18.07,6.55,21.62,1.95,4.02,0.38,3.64,2.06,3.59,0.57,3.01
9/30/1985,171.91,83.78,14.65,88.81,18.99,16.6,22.28,16.39,5.89,19.24,1.77,3.63,0.45,3.18,1.94,3.3,0.67,2.63
10/31/1985,76,84.1,11.42,84.06,15.93,12.55,19.74,13.08,6.66,15.42,1.55,3.26,0.35,2.91,1.67,2.93,0.46,2.47
11/30/1985,0,84.18,7.01,67.8,11.77,4.98,17.08,8.48,8.6,9.81,1.61,3.62,0.35,3.27,1.68,3.12,0.45,2.67
12/31/1985,4.04,84.22,5.08,56.33,9.9,0.71,15.84,6.28,9.56,7.31,1.62,3.77,0.46,3.31,1.73,3.36,0.58,2.77
1/31/1986,0.32,84.19,3.41,40.57,8.8,-4.55,15.64,4.57,11.07,5.98,1.86,4.33,0.56,3.77,2.01,3.91,0.72,3.19
2/28/1986,14.25,84.09,3.92,41.63,10.6,-2.73,17.48,5.92,11.56,9.14,2.21,4.8,0.61,4.19,2.39,4.43,0.83,3.6
3/31/1986,3.31,83.93,3.87,30.73,15.04,-2.66,22.55,9.04,13.51,14.61,2.72,5.49,0.79,4.7,2.99,5.18,0.96,4.23
4/30/1986,14.39,83.8,4.68,27.81,19.4,-0.17,26.67,12.54,14.13,20.07,2.76,5.52,0.6,4.92,2.94,5.1,0.74,4.36
5/31/1986,34.45,83.69,6.49,35.42,20.95,3.99,27.68,14.24,13.43,22.29,2.7,5.37,0.59,4.78,2.81,4.73,0.82,3.91
6/30/1986,153.4,83.35,11.42,52.87,23.5,11.76,29.25,18.17,11.08,25.32,2.61,5.06,0.59,4.46,2.67,4.4,0.84,3.55
7/31/1986,225.84,83.48,15.77,86.06,20.64,17.82,24.04,17.83,6.21,21.33,2.05,4.23,0.46,3.77,2.23,3.87,0.76,3.11
8/31/1986,102.24,83.57,15.46,83.52,20.85,17.51,24.77,17.68,7.09,21.49,1.97,4.02,0.37,3.66,2.08,3.6,0.53,3.07
9/30/1986,37.96,83.88,13.24,78.95,19.3,15.1,23.79,15.99,7.8,20.08,1.95,4,0.52,3.49,2.15,3.57,0.8,2.76
10/31/1986,34.07,84.16,8.11,57.88,16.2,6.87,22.02,12.16,9.86,15.64,1.89,4.18,0.28,3.9,1.95,3.6,0.4,3.2
11/30/1986,0.34,84.26,4.13,36.52,13.26,-1.77,20.16,9.02,11.14,10.96,1.86,4.3,0.3,4,1.92,3.71,0.38,3.33
12/31/1986,32.85,84.37,3.41,39.37,9.43,-4.59,16.27,5.24,11.03,6.72,1.85,3.95,0.54,3.41,1.99,3.54,0.72,2.82
1/31/1987,4.45,84.35,2.97,34.73,9.04,-6.16,16.3,4.43,11.88,6.25,1.9,4.17,0.54,3.63,2.01,3.68,0.65,3.03
2/28/1987,3.61,84.28,3.2,31.22,11.81,-4.96,19.12,6.74,12.38,10.36,2.25,4.87,0.58,4.28,2.39,4.39,0.76,3.64
3/31/1987,12.38,83.98,3.96,31.46,14.98,-2.15,22.23,9.16,13.07,14.6,2.5,5.33,0.55,4.77,2.62,4.73,0.68,4.04
4/30/1987,10.16,83.89,4.06,24.13,19.68,-2.68,27.23,12.72,14.51,20.31,2.86,5.75,0.75,5.01,3.05,5.29,0.92,4.37
5/31/1987,13.01,83.88,5.82,31.37,21.89,2.91,28.71,15.51,13.2,23.15,2.71,5.38,0.51,4.87,2.83,4.87,0.64,4.23
6/30/1987,34.6,83.42,9.82,42.59,24.8,10.1,30.97,18.92,12.05,26.92,2.6,5.09,0.61,4.48,2.62,4.31,0.85,3.46
7/31/1987,215.27,83.39,15.61,78.54,22.07,17.63,26.15,18.86,7.29,23.46,2.19,4.39,0.47,3.92,2.25,3.87,0.72,3.15
8/31/1987,222.14,83.53,15.91,87.8,20.49,17.95,23.86,17.73,6.13,20.98,2.26,4.22,0.75,3.47,2.53,4.05,1.12,2.93
9/30/1987,162.32,83.83,14.8,87.16,19.46,16.74,22.9,16.82,6.09,19.53,1.64,3.48,0.3,3.18,1.74,3.07,0.45,2.63
10/31/1987,93.49,84.17,10.46,78.33,15.74,10.92,20.33,12.39,7.94,14.76,1.66,3.48,0.39,3.09,1.74,3.09,0.51,2.58
11/30/1987,0.04,84.23,5.82,50.92,13.29,2.19,19.33,9.47,9.86,10.03,1.6,3.43,0.46,2.97,1.67,2.97,0.6,2.37
12/31/1987,2.21,84.43,4.08,42.51,10.82,-2.35,17.61,6.73,10.88,7.53,1.68,3.79,0.58,3.21,1.77,3.29,0.72,2.56
1/31/1988,0.98,84.2,3.45,38.81,9.7,-4.31,16.53,5.57,10.97,7.03,1.82,4.28,0.54,3.74,1.92,3.75,0.66,3.09
2/29/1988,2.29,84.09,3.39,32.46,12.12,-4.42,19.36,6.95,12.41,10.51,2.14,4.65,0.56,4.09,2.28,4.15,0.74,3.42
3/31/1988,39.39,83.85,4.42,35.37,14.92,-1.05,22.21,9.09,13.12,14.37,2.52,5.3,0.62,4.68,2.71,4.89,0.75,4.14
4/30/1988,30.25,83.93,4.9,27.62,20.41,0.06,27.83,13.48,14.35,20.57,2.73,5.38,0.66,4.71,2.87,4.79,0.83,3.96
5/31/1988,78.54,83.61,8.5,42.78,22.22,7.91,28.77,15.84,12.93,23.35,2.58,5.02,0.6,4.42,2.67,4.32,0.84,3.48
6/30/1988,101.97,83.5,12.7,60.67,22.91,14.12,28.34,18.01,10.32,24.55,2.32,4.67,0.39,4.27,2.31,3.99,0.57,3.42
7/31/1988,295.4,83.51,16.34,86.2,21.22,18.42,24.66,18.46,6.19,21.94,2.08,4.03,0.46,3.58,2.28,3.75,0.73,3.02
8/31/1988,199.45,83.54,16.11,88.44,20.57,18.17,23.68,18,5.68,21.04,1.99,3.86,0.56,3.3,2.25,3.58,0.79,2.79
9/30/1988,56.31,83.8,15.05,86.3,19.9,17,23.6,16.97,6.63,20.21,1.86,3.67,0.49,3.19,2.07,3.3,0.77,2.53
10/31/1988,13.85,84.01,9.29,63.22,17.14,9,22.61,13.24,9.38,16.16,1.79,3.78,0.38,3.4,1.86,3.26,0.51,2.74
11/30/1988,0,84.36,5.04,43.16,13.69,0.47,20.27,9.46,10.81,11.63,1.84,3.79,0.53,3.26,1.95,3.26,0.67,2.59
12/31/1988,23.75,84.39,3.92,41.24,10.86,-2.49,17.36,6.94,10.42,8.4,1.8,4.01,0.51,3.5,1.95,3.59,0.67,2.92
1/31/1989,24.3,84.02,3.05,39.59,7.61,-5.95,14.92,3.07,11.85,4.89,1.95,4.34,0.67,3.67,2.13,3.95,0.85,3.1
2/28/1989,8.05,83.97,3.09,34.26,9.92,-5.6,17.38,4.71,12.68,8.42,2.37,5.2,0.69,4.51,2.65,5.03,0.89,4.15
3/31/1989,7.76,83.92,3.55,27.8,15.06,-3.92,22.6,9.31,13.29,14.47,2.54,5.41,0.62,4.79,2.73,5.06,0.76,4.31
4/30/1989,3.35,83.68,2.83,16.48,19.86,-6.49,28.02,12.26,15.76,19.93,3.12,6.17,0.89,5.27,3.44,6.02,1.06,4.96
5/31/1989,61.25,83.63,7.64,37.69,22.76,4.61,29.35,16.53,12.82,24.02,2.63,5.26,0.64,4.62,2.76,4.8,0.89,3.9
6/30/1989,67.57,83.49,12.86,61.33,22.96,14.58,28.27,18.18,10.09,24.97,2.53,5.02,0.62,4.4,2.6,4.45,0.87,3.58
7/31/1989,180.9,83.51,15.25,78.14,21.73,17.37,25.91,18.4,7.51,23.11,2.44,4.8,0.5,4.3,2.56,4.41,0.81,3.59
8/31/1989,118.23,83.6,15.54,84.64,20.71,17.61,24.32,17.64,6.68,21.38,1.97,3.94,0.49,3.44,2.14,3.53,0.78,2.75
9/30/1989,70.46,83.78,14.29,79.91,20.33,16.28,24.69,17.06,7.63,21.1,1.93,4.08,0.41,3.67,2.09,3.62,0.6,3.02
10/31/1989,10.58,84.09,8.58,54.68,17.89,7.61,23.9,13.6,10.3,17.39,1.92,4.01,0.37,3.64,1.98,3.39,0.48,2.9
11/30/1989,1.47,84.35,3.92,36.01,12.78,-2.34,19.54,8.5,11.03,10.79,1.98,4.34,0.46,3.88,2.1,3.85,0.63,3.23
12/31/1989,2.38,84.38,2.76,31.93,9.55,-6.85,16.58,5.3,11.28,6.74,1.79,4.12,0.49,3.63,1.88,3.57,0.63,2.94
1/31/1990,0,84.15,2.56,25.91,11.08,-7.6,18.71,6.3,12.4,8.15,1.9,4.7,0.47,4.23,1.96,4.1,0.56,3.54
2/28/1990,21.1,84.09,4.11,44.16,10.49,-2.46,16.96,5.97,10.99,9.88,2.08,4.69,0.42,4.27,2.21,4.16,0.53,3.63
3/31/1990,11.18,84.08,3.94,33.77,13.75,-2.46,20.87,7.98,12.89,13.63,2.47,5.04,0.58,4.46,2.63,4.55,0.74,3.81
4/30/1990,5.44,83.7,3.8,23.26,19.35,-2.82,26.85,12.34,14.5,19.91,2.89,5.83,0.76,5.07,3.07,5.32,0.94,4.38
5/31/1990,13.38,83.64,8.68,41.25,23.06,8.43,29.1,17.16,11.93,24.97,2.65,5.47,0.48,4.99,2.7,4.88,0.63,4.24
6/30/1990,92.2,83.34,12.67,57.06,24.07,13.96,29.51,19.09,10.43,25.94,2.58,5.12,0.54,4.58,2.59,4.46,0.8,3.66
7/31/1990,359.1,83.36,15.96,83.41,21.37,18.03,24.99,18.43,6.57,22.39,2.17,4.41,0.44,3.98,2.29,4.04,0.7,3.34
8/31/1990,149.01,83.69,16.02,88.42,20.51,18.07,23.77,17.77,6.01,20.94,1.91,3.84,0.51,3.33,2.08,3.46,0.74,2.71
9/30/1990,111.85,83.81,14.98,87.86,19.55,17,23.08,16.82,6.26,19.86,1.78,3.72,0.45,3.27,1.93,3.34,0.68,2.66
10/31/1990,18.06,84.16,9.74,69.06,16.24,9.56,21.15,12.76,8.39,15.38,1.71,3.49,0.38,3.12,1.83,3.09,0.56,2.53
11/30/1990,0,84.3,5.36,43.88,14.36,1.47,20.75,10.24,10.51,11.89,1.79,3.7,0.56,3.14,1.91,3.23,0.68,2.55
12/31/1990,0.2,84.39,3.65,38.3,10.72,-3.43,17.3,6.84,10.45,7.93,1.65,3.73,0.45,3.28,1.76,3.31,0.59,2.72
1/31/1991,3.98,84.15,3.11,38.76,8.3,-5.66,15.21,3.95,11.26,6.23,1.95,4.44,0.53,3.91,2.07,3.98,0.7,3.28
2/28/1991,0.23,84.19,2.98,27.99,12.38,-6,19.84,7.09,12.75,10.96,2.35,4.86,0.73,4.13,2.58,4.52,0.9,3.62
3/31/1991,6.58,84.04,3.43,26.38,15.96,-4.16,23.59,9.95,13.64,15.59,2.54,5.14,0.59,4.55,2.75,4.81,0.72,4.09
4/30/1991,2.59,83.87,3.36,19.37,19.87,-4.71,27.72,12.49,15.22,20.46,2.83,5.67,0.63,5.04,3.01,5.23,0.82,4.42
5/31/1991,28.79,83.71,6.15,28.34,23.64,3.03,30.71,16.54,14.17,25.09,2.83,5.7,0.72,4.98,2.96,5.11,0.87,4.24
6/30/1991,36.51,83.45,12.59,59.81,23.09,14.22,28.09,18.71,9.38,25.04,2.52,5.03,0.53,4.5,2.6,4.49,0.81,3.68
7/31/1991,145.42,83.36,15.6,75.54,22.61,17.71,27.28,19.03,8.24,24.06,2.4,4.76,0.6,4.16,2.55,4.32,0.92,3.4
8/31/1991,114.84,83.52,15.61,81.11,21.47,17.72,25.47,18.4,7.06,22.44,2.22,4.42,0.58,3.85,2.46,4.08,1,3.07
9/30/1991,83.11,83.83,14.34,82.66,19.85,16.3,24.05,16.77,7.27,20.48,1.93,4.2,0.29,3.91,2,3.73,0.45,3.28
10/31/1991,2.76,84.06,8.03,53.05,17.52,7.05,23.77,13.19,10.59,16.94,1.93,4.26,0.39,3.87,2,3.67,0.5,3.16
11/30/1991,0.13,84.35,3.78,34.57,12.7,-2.92,19.4,8.58,10.82,10.35,1.84,4.23,0.46,3.78,1.94,3.67,0.6,3.07
12/31/1991,21.12,84.3,3.3,38.03,9.67,-4.96,16.62,5.4,11.21,6.94,1.76,4.14,0.46,3.68,1.89,3.6,0.6,3
1/31/1992,0.96,84.32,3.17,37.31,8.79,-5.27,15.91,4.2,11.71,6.25,1.84,4.32,0.51,3.81,1.93,3.79,0.66,3.13
2/29/1992,3.47,83.98,2.78,32.85,9.05,-6.81,16.52,3.79,12.73,7.61,2.25,4.99,0.54,4.45,2.41,4.54,0.68,3.85
3/31/1992,0.37,83.92,3.07,21.49,16.56,-5.61,24.63,10.34,14.29,16.01,2.93,6.44,0.76,5.68,3.34,6.46,1.01,5.45
4/30/1992,1.23,83.88,3.43,18.72,20.82,-4.47,28.77,13.6,15.18,21.27,3.2,6.31,0.97,5.34,3.58,6.13,1.29,4.84
5/31/1992,21.09,83.71,6.31,33.95,21.49,3.55,28.12,15.14,12.98,22.86,2.73,5.51,0.57,4.94,2.87,5,0.75,4.25
6/30/1992,59.34,83.44,10.84,50.4,23.4,11.29,29.2,17.99,11.21,25.35,2.63,5.14,0.6,4.54,2.72,4.53,0.83,3.71
7/31/1992,126.18,83.5,13.6,68.46,22.21,15.45,27.02,18.27,8.75,23.72,2.41,4.96,0.5,4.46,2.53,4.47,0.75,3.72
8/31/1992,116.17,83.63,15.1,79.4,21.3,17.21,25.58,17.98,7.6,22.3,2.09,4.31,0.44,3.87,2.24,3.91,0.73,3.17
9/30/1992,88.29,83.79,13.71,77.04,20.22,15.59,25.07,16.64,8.43,21,2.08,4.4,0.42,3.98,2.23,3.94,0.66,3.27
10/31/1992,47.6,84.09,8.94,60.67,17.09,8.75,22.72,13.08,9.64,16.74,1.9,3.88,0.42,3.46,2.02,3.34,0.52,2.82
11/30/1992,7.45,84.37,5.29,46.74,13.25,1.33,19.99,8.86,11.13,11.38,1.89,4.2,0.46,3.74,2,3.66,0.56,3.1
12/31/1992,3.47,84.39,3.42,38.84,9.6,-4.38,16.38,5.52,10.86,6.75,1.77,4.17,0.45,3.72,1.86,3.6,0.59,3.01
1/31/1993,7.01,84.12,3.22,40.05,8.28,-5.28,15.29,3.98,11.31,6.09,1.91,4.4,0.53,3.87,2.09,4.01,0.65,3.36
2/28/1993,1.54,84.15,2.96,28.29,11.93,-6.35,19.35,6.69,12.66,10.02,2.26,5.04,0.46,4.58,2.37,4.48,0.58,3.9
3/31/1993,34,84.04,3.43,29.9,13.67,-4.55,21.18,7.94,13.23,13.1,2.64,5.51,0.84,4.67,2.93,5.24,1.1,4.14
4/30/1993,18.86,83.97,5.26,32.44,18.86,1.09,26.17,12.35,13.82,19.22,2.79,5.44,0.75,4.69,3,4.99,0.97,4.03
5/31/1993,58.08,83.69,7.56,39.01,21.89,6.22,28.44,15.32,13.13,22.85,2.61,5.26,0.54,4.72,2.68,4.61,0.72,3.9
6/30/1993,92.76,83.47,12.03,56.41,23.25,13.46,28.79,18.13,10.66,24.95,2.46,4.94,0.48,4.46,2.51,4.35,0.6,3.75
7/31/1993,162.01,83.4,15.4,75.05,22.53,17.5,27.08,18.76,8.31,24.06,2.62,5.11,0.65,4.46,2.78,4.7,1.03,3.67
8/31/1993,70.63,83.5,15.48,80.58,21.43,17.59,25.53,18.23,7.3,22.5,2.04,4.21,0.33,3.87,2.11,3.73,0.52,3.21
9/30/1993,89.92,83.84,13.84,81.27,19.56,15.83,23.76,16.55,7.2,20.22,1.82,3.88,0.47,3.41,2.01,3.51,0.72,2.79
10/31/1993,5.64,84.2,7.87,50.73,17.6,6.08,23.84,13.31,10.53,16.82,1.97,4.31,0.38,3.93,2.05,3.75,0.49,3.26
11/30/1993,2.05,84.27,4.83,40.53,13.93,0.05,20.7,9.72,10.98,11.85,1.89,4.43,0.39,4.04,1.96,3.78,0.52,3.26
12/31/1993,0,84.35,2.44,24.83,11.1,-8.1,18.31,6.97,11.34,7.64,1.73,4.11,0.45,3.66,1.81,3.52,0.61,2.91
1/31/1994,16.16,84.14,3.16,35.03,10.18,-5.6,17.4,5.76,11.64,7.75,1.95,4.51,0.6,3.91,2.14,4.13,0.79,3.34
2/28/1994,2.22,84,3.12,34.4,10.14,-5.69,17.62,4.95,12.67,9.12,2.31,5.14,0.66,4.49,2.52,4.73,0.81,3.92
3/31/1994,3.96,83.96,2.95,20.77,16.45,-5.99,24.49,10.13,14.36,15.76,2.69,5.81,0.59,5.22,2.83,5.27,0.68,4.59
4/30/1994,1.31,83.9,3.77,22.41,19.51,-3.04,27.24,12.42,14.82,20.47,2.92,5.95,0.61,5.34,3.15,5.63,0.79,4.85
5/31/1994,21.54,83.72,7.28,34.81,23,5.39,29.8,16.37,13.42,24.61,2.76,5.45,0.55,4.9,2.88,4.9,0.74,4.16
6/30/1994,94.21,83.31,12.39,56.29,24.04,13.34,29.49,19.16,10.33,25.98,2.62,5.19,0.48,4.71,2.63,4.56,0.69,3.88
7/31/1994,109.2,83.34,15.51,74.27,22.8,17.6,27.51,19.03,8.48,24.37,2.46,5.01,0.43,4.58,2.53,4.51,0.67,3.84
8/31/1994,68.75,83.56,15.4,76.53,22.22,17.5,26.72,18.76,7.95,23.45,2.19,4.54,0.41,4.12,2.3,4.09,0.66,3.43
9/30/1994,110.13,83.82,13.6,76.4,20.22,15.47,24.82,16.86,7.96,20.88,1.99,4.15,0.44,3.71,2.13,3.7,0.65,3.05
10/31/1994,2.67,84.2,7.33,49.98,17.08,5.75,23.47,12.57,10.91,16.27,1.99,4.31,0.42,3.89,2.07,3.73,0.54,3.19
11/30/1994,0.96,84.42,4.42,39.24,13.26,-0.78,20.07,8.86,11.21,11.43,2.03,4.3,0.49,3.81,2.14,3.71,0.65,3.06
12/31/1994,0.02,84.33,2.61,28.44,9.99,-7.64,17.43,5.57,11.86,6.97,1.91,4.4,0.58,3.82,2.06,3.91,0.74,3.16
1/31/1995,4.61,84.25,2.51,32.24,7.76,-8.21,14.95,3.2,11.75,5.58,1.98,4.38,0.53,3.85,2.16,4.07,0.69,3.38
2/28/1995,8.28,84.06,3.03,32.33,10.42,-5.99,17.75,5.16,12.6,9.38,2.33,5.1,0.6,4.5,2.53,4.71,0.79,3.92
3/31/1995,5.57,84.03,3.28,24.78,15.53,-4.88,23.22,9.65,13.57,15.35,2.72,5.79,0.79,5.01,2.98,5.54,0.99,4.54
4/30/1995,1.91,83.9,3.35,18.57,20,-4.61,27.78,12.83,14.96,20.44,3.04,6.09,0.72,5.37,3.31,5.83,0.93,4.89
5/31/1995,11.22,83.66,6.69,30.17,23.99,3.66,30.97,17.03,13.94,25.61,2.88,5.68,0.61,5.07,3.06,5.25,0.75,4.5
6/30/1995,132.27,83.37,13.65,62.99,23.54,15.56,28.66,18.91,9.74,25.51,2.4,4.65,0.63,4.02,2.43,3.95,0.91,3.04
7/31/1995,158.83,83.38,15.88,82.18,21.51,17.95,25.4,18.43,6.97,22.65,2.37,4.67,0.59,4.07,2.54,4.25,0.97,3.28
8/31/1995,184.19,83.52,15.98,86.49,20.8,18,24.24,18.01,6.23,21.34,1.92,4.02,0.3,3.72,2.05,3.7,0.46,3.24
9/30/1995,44.91,83.79,14.4,82.59,19.91,16.38,24.12,16.78,7.34,20.56,1.89,4.11,0.38,3.73,2.02,3.67,0.56,3.11
10/31/1995,13.12,84.13,8.87,57.38,17.78,8.05,23.62,13.69,9.93,17.34,1.88,4.03,0.4,3.63,1.94,3.42,0.52,2.89
11/30/1995,24.79,84.16,4.71,40,13.61,-0.87,20.55,9.22,11.33,11.3,1.95,4.2,0.55,3.65,2.12,3.81,0.73,3.08
12/31/1995,10.68,84.36,3.56,40.11,9.78,-3.68,16.53,5.72,10.81,7.27,1.84,4.27,0.51,3.77,1.96,3.8,0.66,3.13
1/31/1996,29.87,84.1,3.2,40.21,8.16,-5.28,15.37,3.7,11.67,5.53,2,4.52,0.62,3.89,2.19,4.16,0.82,3.34
2/29/1996,13.13,84.1,3.73,38.59,10.94,-3.38,18.13,6.02,12.11,9.25,2.25,4.84,0.69,4.16,2.46,4.49,0.88,3.61
3/31/1996,0.29,83.83,4.52,32.52,16.47,-0.52,24.01,10.58,13.43,16.3,2.72,5.82,0.72,5.1,2.99,5.51,0.9,4.61
4/30/1996,28.72,83.85,4.35,24.93,19.63,-2.46,27.15,12.74,14.41,19.76,2.84,5.7,0.88,4.83,3.05,5.27,1.15,4.12
5/31/1996,17.15,83.64,5.99,27.83,23.36,3.07,30.47,16.01,14.46,24.62,2.85,5.55,0.62,4.92,3.02,5.1,0.76,4.34
6/30/1996,98.83,83.54,12.91,62.56,22.66,14.53,27.65,18.28,9.37,24.54,2.54,5.01,0.67,4.35,2.62,4.46,0.91,3.55
7/31/1996,134.17,83.38,15.33,78.31,21.81,17.39,25.94,18.45,7.49,23.03,2.32,4.56,0.55,4.01,2.45,4.12,0.81,3.31
8/31/1996,195.62,83.61,15.74,86.06,20.66,17.82,24.24,17.9,6.35,21.36,1.87,3.96,0.35,3.61,1.99,3.61,0.57,3.04
9/30/1996,72.24,83.72,14.32,83.92,19.56,16.26,23.43,16.65,6.78,19.95,1.77,3.73,0.34,3.39,1.9,3.3,0.54,2.76
10/31/1996,28.35,84.08,9.75,68,16.84,10.16,21.99,13.17,8.82,16.55,1.8,3.85,0.39,3.46,1.92,3.41,0.49,2.92
11/30/1996,0.13,84.15,4.34,37.05,13.57,-1.32,20.55,9.34,11.21,11.1,1.84,4.19,0.47,3.72,1.93,3.67,0.57,3.09
12/31/1996,0,84.28,2.52,27.01,10.47,-7.89,18.03,6.16,11.87,6.79,1.74,4.19,0.51,3.68,1.83,3.6,0.66,2.94
1/31/1997,5.5,84.16,2.46,31.89,8.01,-8.3,15.18,3.6,11.59,5.42,1.94,4.45,0.56,3.9,2.06,3.93,0.73,3.2
2/28/1997,0.06,83.92,2.29,26.76,9.29,-8.89,16.95,3.54,13.41,7.93,2.33,5.1,0.5,4.6,2.48,4.63,0.59,4.04
3/31/1997,1.06,84.03,3.03,23.18,15.34,-6.08,22.99,9.42,13.57,14.97,2.64,5.59,0.56,5.03,2.81,5.17,0.72,4.46
4/30/1997,28.46,84,5.66,38.17,17.51,2.17,24.19,11.35,12.84,18.44,2.59,5.32,0.64,4.68,2.76,4.79,0.78,4.01
5/31/1997,18.68,83.71,5.49,28.18,22.02,1.44,29.1,14.98,14.12,23.23,2.83,5.75,0.58,5.17,3.05,5.43,0.75,4.68
6/30/1997,75.24,83.47,10.7,48.52,23.91,11.56,29.66,18.36,11.3,26.14,2.73,5.44,0.47,4.97,2.81,4.92,0.64,4.28
7/31/1997,172.31,83.36,16.08,81.9,21.78,18.13,25.77,18.6,7.17,22.84,2.25,4.68,0.38,4.3,2.29,4.18,0.6,3.58
8/31/1997,115.61,83.57,15.75,83.42,21.17,17.81,25.13,18.05,7.08,22.01,1.99,4.26,0.36,3.9,2.09,3.76,0.59,3.18
9/30/1997,26.61,83.88,13.76,77.26,20.25,15.67,25.06,16.58,8.48,21.44,2.11,4.62,0.34,4.28,2.18,4.04,0.51,3.53
10/31/1997,4.95,84.34,7.46,53.25,16.55,6.46,22.59,12.31,10.29,16.59,1.98,4.41,0.47,3.94,2.07,3.87,0.55,3.32
11/30/1997,2.25,84.34,4.86,41.89,13.66,0.2,20.2,9.44,10.76,12.38,1.91,4.34,0.57,3.77,2.06,3.86,0.75,3.11
12/31/1997,16.68,84.31,3.77,43.85,9.17,-3.64,15.84,5.04,10.79,7,1.76,4.15,0.61,3.54,1.91,3.78,0.78,3
1/31/1998,0.59,84.19,2.62,31.86,8.35,-7.89,15.67,3.94,11.73,6.02,1.93,4.64,0.52,4.12,2.04,4.15,0.65,3.49
2/28/1998,4.18,84.19,3.25,32.97,11.01,-5.44,18.34,5.87,12.47,9.91,2.25,5.21,0.6,4.61,2.4,4.72,0.79,3.93
3/31/1998,7.65,84.03,3.92,33.36,13.89,-2.89,21.27,8.31,12.95,13.95,2.56,5.73,0.55,5.18,2.74,5.29,0.75,4.54
4/30/1998,10.59,84.01,4.86,28.38,19.73,0.12,27.11,13.08,14.03,20.36,2.8,5.82,0.61,5.21,2.94,5.26,0.8,4.47
5/31/1998,40.71,83.77,8.86,42.22,23.09,8.63,29.59,16.84,12.75,24.62,2.61,5.31,0.57,4.74,2.67,4.57,0.74,3.83
6/30/1998,61.51,83.47,11.81,52.07,24.54,12.49,30.4,19.15,11.25,26.43,2.61,5.13,0.53,4.6,2.58,4.49,0.67,3.82
7/31/1998,161.87,83.41,16.17,80.1,22.25,18.25,26.48,19,7.49,23.65,2.4,4.78,0.5,4.28,2.5,4.36,0.79,3.57
8/31/1998,188.48,83.64,16.24,87.05,20.97,18.35,24.64,18.26,6.38,21.75,2.12,4.28,0.53,3.74,2.29,3.9,0.82,3.08
9/30/1998,97.37,83.9,14.82,84.37,20.07,16.88,24.01,17.03,6.98,20.48,1.87,3.9,0.39,3.51,2.02,3.45,0.56,2.9
10/31/1998,27.3,84.05,11.27,69.77,18.6,12.14,24,14.87,9.13,18.42,1.77,3.96,0.34,3.62,1.82,3.35,0.45,2.9
11/30/1998,1.56,84.22,6.04,47.26,15.1,2.7,21.49,11.08,10.41,13.3,1.76,3.84,0.46,3.38,1.84,3.34,0.57,2.77
12/31/1998,0,84.31,3.01,30.87,11.05,-5.98,18.3,6.82,11.48,7.86,1.77,4.18,0.49,3.68,1.81,3.55,0.62,2.93
1/31/1999,2.55,84.11,2.65,30.98,9.28,-7.6,16.67,4.7,11.97,6.77,1.92,4.45,0.62,3.84,2.02,3.93,0.76,3.17
2/28/1999,0.5,84.3,2.98,25.19,14,-6.04,21.64,8.96,12.68,12.52,2.27,4.99,0.75,4.23,2.43,4.54,0.92,3.61
3/31/1999,0,83.75,2.04,14.18,16.83,-10,25.14,10.47,14.68,15.77,2.89,6.06,0.89,5.17,3.13,5.7,1.1,4.61
4/30/1999,3.6,83.75,2.5,13.18,21.61,-8.24,29.86,14.29,15.56,21.2,2.85,5.56,0.76,4.8,3,4.99,0.94,4.04
5/31/1999,41.68,83.55,9.01,44.94,22.43,8.48,28.65,16.49,12.16,23.95,2.63,5.19,0.58,4.61,2.7,4.54,0.78,3.77
6/30/1999,83.88,83.44,12.27,57.4,23.28,13.25,28.73,18.46,10.27,25.28,2.64,5.04,0.59,4.44,2.73,4.51,0.85,3.66
7/31/1999,89.33,83.32,15.44,76.62,22.19,17.53,26.69,18.72,7.97,23.76,2.43,4.99,0.43,4.57,2.46,4.46,0.67,3.8
8/31/1999,115.12,83.51,15.26,80.19,21.34,17.35,25.41,18.21,7.2,22.49,2.2,4.55,0.46,4.09,2.32,4.11,0.76,3.35
9/30/1999,60.33,83.81,14.35,80.99,20.18,16.4,24.37,17.05,7.32,20.92,1.88,4.15,0.36,3.79,1.98,3.66,0.59,3.07
10/31/1999,51.8,84.06,9.32,62.35,17.49,9.03,23.04,13.52,9.53,16.83,1.86,3.93,0.4,3.53,1.97,3.45,0.56,2.89
11/30/1999,0,84.22,4.53,37.51,13.94,-1.01,20.73,9.7,11.03,11.69,1.85,4.17,0.53,3.64,1.94,3.6,0.66,2.94
12/31/1999,0.01,84.3,3.36,35.61,10.63,-4.6,17.62,6.45,11.17,7.81,1.8,4.23,0.51,3.73,1.87,3.61,0.63,2.98
1/31/2000,0.9,84.09,2.48,28.52,9.27,-8.14,16.7,4.58,12.12,6.85,2.08,4.67,0.69,3.98,2.21,4.18,0.87,3.31
2/29/2000,1.35,83.97,2.52,29.49,9.13,-8.63,16.62,3.71,12.91,8.04,2.32,4.98,0.66,4.33,2.5,4.57,0.78,3.8
3/31/2000,3.1,83.9,2.43,20.18,14.47,-8.27,22.11,8.29,13.82,14.01,2.6,5.27,0.61,4.66,2.79,4.82,0.69,4.12
4/30/2000,5.74,83.69,3.88,21.18,20.67,-3.68,28.27,13.68,14.59,20.86,2.85,5.8,0.7,5.1,3.03,5.33,0.91,4.42
5/31/2000,58.2,83.64,10.37,51.1,22.51,10.99,28.21,17.26,10.95,24.22,2.51,5.16,0.53,4.63,2.58,4.48,0.72,3.77
6/30/2000,158.44,83.44,14.39,72.26,22.12,16.3,26.6,18.29,8.31,23.6,2.4,4.75,0.56,4.19,2.5,4.31,0.84,3.47
7/31/2000,139.31,83.4,16.03,82.7,21.56,18.09,25.35,18.56,6.79,22.52,2.26,4.58,0.46,4.13,2.39,4.23,0.73,3.5
8/31/2000,170.84,83.52,16.03,85.39,21.07,18.14,24.72,18.24,6.47,21.9,2.19,4.39,0.54,3.85,2.38,3.99,0.87,3.12
9/30/2000,125.06,83.76,14.16,84.61,19.19,15.98,22.95,16.3,6.66,19.3,1.75,3.62,0.37,3.24,1.88,3.22,0.56,2.66
10/31/2000,1.42,84.02,9.62,63.15,17.74,9.87,23.33,13.73,9.6,16.96,1.88,4.02,0.4,3.62,1.94,3.41,0.49,2.92
11/30/2000,2.5,84.2,5.75,49.26,13.65,2.61,20.16,9.65,10.51,11.84,1.85,4.22,0.44,3.78,1.96,3.7,0.58,3.12
12/31/2000,0.02,84.19,3.13,33.3,10.5,-5.4,17.7,6.53,11.18,7.25,1.67,4.04,0.48,3.55,1.75,3.44,0.62,2.82
1/31/2001,0.3,84.02,2.53,29.93,8.96,-8.1,16.53,4.5,12.03,6.09,1.89,4.51,0.54,3.97,2.01,3.98,0.67,3.31
2/28/2001,0.14,83.97,2.43,22.88,12.01,-8.69,19.74,6.8,12.94,9.97,2.24,4.85,0.61,4.24,2.37,4.33,0.78,3.55
3/31/2001,5.02,83.99,2.69,19.99,15.59,-7.29,23.41,9.42,13.99,15.13,2.67,5.43,0.69,4.74,2.88,4.99,0.86,4.13
4/30/2001,6.09,83.9,4.42,25.63,20.08,-1.14,27.49,13.19,14.29,20.9,2.89,5.8,0.67,5.13,3.12,5.44,0.9,4.55
5/31/2001,42.44,83.59,10.22,50.87,22.27,11.11,28.1,16.9,11.2,24.2,2.52,5.21,0.54,4.67,2.59,4.6,0.73,3.87
6/30/2001,73.06,83.36,14.07,67.49,22.81,15.96,27.93,18.63,9.3,24.76,2.53,5.15,0.45,4.69,2.55,4.59,0.66,3.93
7/31/2001,160.65,83.42,15.74,75.95,22.75,17.81,27.33,19.15,8.18,24.24,2.4,4.95,0.42,4.53,2.44,4.5,0.62,3.88
8/31/2001,156.52,83.58,15.93,81.42,21.77,18.04,25.84,18.5,7.33,22.72,2.15,4.36,0.42,3.94,2.29,3.94,0.65,3.29
9/30/2001,118.29,83.84,14.19,83.71,19.47,16.03,23.31,16.58,6.72,19.55,1.67,3.5,0.34,3.16,1.74,3.02,0.48,2.54
10/31/2001,21.47,84.11,10.47,70.39,17.38,11.12,22.48,13.76,8.72,16.91,1.76,3.81,0.34,3.47,1.86,3.29,0.48,2.81
11/30/2001,0.28,84.33,5.72,47.74,13.95,1.99,20.47,9.94,10.53,11.81,1.81,4.22,0.39,3.83,1.88,3.63,0.52,3.11
12/31/2001,0,84.4,3.37,37.38,9.95,-4.59,16.81,6.02,10.79,6.79,1.69,4.03,0.47,3.56,1.74,3.42,0.58,2.84
1/31/2002,12.11,84.21,3.48,41.88,8.72,-4.6,15.58,4.55,11.02,6.58,1.85,4.03,0.5,3.53,2,3.6,0.64,2.96
2/28/2002,10.44,84.31,3.35,32.62,11.81,-4.72,19.49,6.64,12.85,10.2,2.2,4.95,0.57,4.38,2.35,4.54,0.72,3.81
3/31/2002,22.24,84.05,4.09,31.06,15.76,-1.78,23.16,9.9,13.25,15.16,2.5,5.15,0.54,4.61,2.66,4.62,0.67,3.95
4/30/2002,6.51,83.88,5.62,32.36,20.01,2.08,27.07,13.61,13.46,20.82,2.78,5.83,0.58,5.25,2.93,5.33,0.73,4.61
5/31/2002,61.15,83.6,9.95,52.19,21.6,10.1,27.62,16.2,11.41,23.14,2.57,5.25,0.71,4.54,2.66,4.59,0.99,3.6
6/30/2002,74.38,83.49,13.08,62.2,22.99,14.85,28.2,18.29,9.91,24.84,2.48,5.09,0.48,4.61,2.51,4.48,0.67,3.81
7/31/2002,126.94,83.36,14.53,69.95,22.85,16.51,27.42,19.18,8.24,24.28,2.34,4.75,0.44,4.31,2.41,4.22,0.64,3.58
8/31/2002,76.39,83.58,15.28,78.49,21.67,17.39,26.13,18.27,7.86,22.81,2.23,4.65,0.43,4.22,2.36,4.19,0.7,3.49
9/30/2002,54.99,83.91,12.84,71.8,20.39,14.63,25.55,16.62,8.94,21.36,1.98,4.34,0.38,3.96,2.06,3.82,0.55,3.26
10/31/2002,21.43,84.15,8.63,57.74,17.38,8.18,23.34,13.06,10.29,17.18,1.88,4.12,0.33,3.79,1.94,3.51,0.45,3.07
11/30/2002,0.1,84.26,5.04,41.97,14.22,0.65,21.11,9.78,11.33,12.44,1.86,4.3,0.41,3.9,1.92,3.71,0.51,3.2
12/31/2002,10.69,84.24,3.33,36.22,10.4,-4.78,17.53,6.22,11.31,7.71,1.75,4.31,0.49,3.82,1.82,3.69,0.6,3.1
1/31/2003,5.32,84.29,2.72,33.05,8.81,-7.49,16.44,4.12,12.32,5.93,1.89,4.31,0.57,3.74,2,3.75,0.75,3
2/28/2003,44.06,84.18,4.16,45.34,10.15,-2.06,17.2,5.19,12.01,8.71,2.19,4.71,0.55,4.16,2.35,4.29,0.69,3.6
3/31/2003,2.38,84.04,4.68,37.75,14.34,-0.34,21.52,8.62,12.9,14.17,2.47,5.2,0.57,4.63,2.6,4.64,0.71,3.93
4/30/2003,6.34,83.94,4.72,26.41,20.52,-0.11,27.8,13.9,13.9,21.1,2.65,5.39,0.59,4.79,2.74,4.78,0.74,4.04
5/31/2003,9.14,83.69,6.45,33.26,21.91,3.84,28.66,15.22,13.44,23.46,2.72,5.38,0.55,4.83,2.85,4.83,0.77,4.06
6/30/2003,87.58,83.35,12.04,56.9,23.26,13.18,28.51,18.72,9.79,24.93,2.59,5.1,0.51,4.59,2.64,4.53,0.75,3.79
7/31/2003,153.24,83.57,15.68,79.6,21.88,17.8,26.04,18.57,7.47,23.16,2.34,4.75,0.53,4.22,2.46,4.27,0.85,3.42
8/31/2003,81.56,83.6,15.89,80.52,21.9,18.01,26.05,18.6,7.44,22.97,2.2,4.61,0.44,4.17,2.33,4.21,0.68,3.52
9/30/2003,49.48,83.8,14.38,78.64,20.67,16.39,24.95,17.51,7.44,21.48,1.91,4.11,0.37,3.74,2.04,3.65,0.59,3.06
10/31/2003,29.45,84.17,8.28,53.66,18.08,7.28,24.38,13.62,10.77,17.47,1.9,4.2,0.41,3.79,1.96,3.69,0.54,3.16
11/30/2003,0.03,84.28,5.2,44.28,13.65,0.92,20.41,9.47,10.93,11.71,1.78,4.24,0.37,3.87,1.84,3.65,0.49,3.16
12/31/2003,12.31,84.34,3.82,42.34,9.97,-3.41,16.85,5.78,11.07,7.44,1.69,4.01,0.36,3.65,1.77,3.47,0.46,3.01
1/31/2004,22.29,84.17,3.7,44.97,8.42,-3.68,15.36,4.09,11.28,6.29,1.86,4.4,0.5,3.89,1.95,3.89,0.64,3.24
2/29/2004,0.07,84.12,3.57,36.83,11.06,-3.76,18.34,5.96,12.38,9.26,2.14,4.84,0.54,4.3,2.2,4.2,0.67,3.53
3/31/2004,17.93,84,4.18,28.63,17.14,-2.08,24.75,11.14,13.61,16.15,2.52,5.28,0.61,4.67,2.68,4.78,0.77,4.01
4/30/2004,142.09,83.85,6.99,42.65,19.6,4.59,25.87,13.93,11.94,20.13,2.43,4.92,0.66,4.26,2.59,4.44,0.83,3.61
5/31/2004,107.75,83.63,9.83,52.86,21.01,10.17,26.77,15.62,11.15,21.74,2.37,4.46,0.62,3.83,2.53,3.94,0.8,3.14
6/30/2004,166.82,83.51,14.41,75.92,21.25,16.38,25.4,17.63,7.77,22.32,2.2,4.29,0.63,3.66,2.43,3.92,0.93,2.99
7/31/2004,365.73,83.46,16.03,88.68,20.44,18.09,23.65,17.74,5.91,21.09,2.24,4.31,0.62,3.69,2.5,4.09,0.98,3.11
8/31/2004,177.8,83.52,16.42,88.53,20.86,18.47,24.22,18,6.22,21.29,1.96,4.07,0.42,3.64,2.11,3.67,0.67,3
9/30/2004,150.65,83.93,14.81,88.03,19.34,16.85,22.84,16.53,6.31,19.56,1.72,3.58,0.34,3.24,1.8,3.09,0.45,2.64
10/31/2004,67.32,84.3,9.79,73.99,15.39,9.87,19.9,11.96,7.94,14.28,1.63,3.17,0.44,2.73,1.77,2.72,0.59,2.13
11/30/2004,23.22,84.35,6.43,62.42,11.91,4.11,17.22,8.29,8.94,9.56,1.62,3.24,0.4,2.84,1.72,2.78,0.52,2.26
12/31/2004,0.05,84.29,5.11,55.8,9.91,0.56,15.87,6.1,9.77,7.01,1.52,3.5,0.41,3.09,1.59,3.01,0.51,2.5
1/31/2005,49.6,84.18,4.24,53.39,8.15,-1.7,14.38,4.16,10.22,5.88,1.73,3.62,0.57,3.06,1.95,3.4,0.71,2.68
2/28/2005,13.36,84.14,4.74,49.32,10.88,-0.13,17.71,5.81,11.9,9.42,2.17,4.36,0.7,3.66,2.47,4.37,0.89,3.49
3/31/2005,21.74,84.07,5.7,43.49,15.57,2.47,22.4,10.13,12.26,15.22,2.45,5.02,0.61,4.41,2.66,4.67,0.79,3.88
4/30/2005,23.89,84.06,5,30.42,19.03,0.44,26.17,12.54,13.63,19.15,2.58,4.9,0.67,4.23,2.77,4.45,0.84,3.61
5/31/2005,27.66,83.72,7.41,40.7,21.13,6.12,27.46,14.75,12.71,22.29,2.47,4.88,0.55,4.34,2.58,4.38,0.7,3.69
6/30/2005,153.1,83.37,11.56,53.85,23.63,12.22,28.99,18.68,10.31,24.94,2.39,4.73,0.57,4.16,2.5,4.15,0.78,3.37
7/31/2005,285.91,83.51,16.33,86.28,21.18,18.4,24.71,18.19,6.52,21.96,2.25,4.49,0.57,3.92,2.47,4.19,0.87,3.33
8/31/2005,260.05,83.47,16.63,89.78,20.81,18.67,24.06,18.21,5.85,21.31,1.98,4.15,0.3,3.85,2.07,3.77,0.43,3.34
9/30/2005,84.66,83.89,14.92,85.7,19.9,16.85,23.53,17,6.53,19.96,1.74,3.56,0.36,3.2,1.9,3.15,0.55,2.61
10/31/2005,146.26,84.22,10.43,75.96,16.19,10.73,20.76,12.76,8,15.12,1.56,3.11,0.38,2.73,1.63,2.67,0.47,2.19
11/30/2005,0,84.23,6.42,60.75,12.21,3.6,17.82,8.49,9.33,9.42,1.61,3.26,0.57,2.69,1.71,2.81,0.74,2.08
12/31/2005,0.04,84.22,3.84,41.56,10.24,-3.22,16.81,6.45,10.36,6.43,1.62,3.39,0.5,2.88,1.76,3.01,0.66,2.35
1/31/2006,0,84.19,3.29,35.7,10.16,-4.9,17.44,5.86,11.57,6.77,1.85,4.22,0.65,3.56,2.04,3.88,0.85,3.03
2/28/2006,0,84.15,4.56,39.4,13.72,-0.56,20.72,8.94,11.78,11.84,2.06,4.55,0.51,4.04,2.13,3.93,0.61,3.32
3/31/2006,23.87,84.03,4.33,34.58,15.02,-1.56,22.23,9.39,12.83,14.5,2.42,4.88,0.7,4.18,2.59,4.42,0.87,3.55
4/30/2006,16.04,83.89,5.62,34.98,18.85,1.87,25.79,12.42,13.37,19.59,2.55,5.03,0.51,4.51,2.7,4.54,0.68,3.86
5/31/2006,132.59,83.75,11.34,59.49,21.5,12.44,26.8,16.64,10.16,23.14,2.32,4.6,0.63,3.97,2.38,3.92,0.91,3.01
6/30/2006,220.97,83.58,13.94,74.65,21.04,15.74,25.22,17.19,8.03,21.86,2.13,4.22,0.36,3.87,2.2,3.75,0.51,3.24
7/31/2006,292.34,83.42,16.87,87.74,21.41,18.91,24.79,18.56,6.23,22.06,2.16,4.38,0.4,3.99,2.29,3.97,0.69,3.28
8/31/2006,162.67,83.61,16.12,86.71,20.91,18.17,24.37,18.01,6.36,21.39,1.93,3.94,0.38,3.57,2.03,3.54,0.55,2.99
9/30/2006,195.53,83.88,14.67,87.83,19.24,16.62,22.69,16.52,6.17,19.33,1.74,3.43,0.44,2.99,1.9,3.07,0.62,2.45
10/31/2006,29.14,84.28,10.86,77.56,16.34,11.59,20.84,13.02,7.82,15.51,1.64,3.25,0.32,2.93,1.71,2.69,0.42,2.28
11/30/2006,1.82,84.26,6.77,61.49,12.57,4.49,18.06,8.91,9.16,10.61,1.65,3.43,0.48,2.95,1.77,3.03,0.63,2.4
12/31/2006,21.08,84.32,4.76,51.93,10.13,-0.15,16.32,6.38,9.94,7.04,1.59,3.63,0.52,3.1,1.71,3.22,0.64,2.58
1/31/2007,0,84.28,3.21,37.65,9,-5.11,15.94,4.89,11.05,5.76,1.75,4.04,0.57,3.47,1.88,3.58,0.71,2.88
2/28/2007,82.72,84.11,5.02,59.2,8.99,0.42,15.41,4.11,11.3,7.45,1.99,4.05,0.59,3.46,2.14,3.69,0.75,2.95
3/31/2007,32.09,84.05,5.65,47.74,13.97,2.11,20.72,8.3,12.42,12.99,2.31,4.63,0.69,3.93,2.47,4.27,0.91,3.37
4/30/2007,48.4,83.97,7.4,42.76,19.84,6.13,26.28,13.95,12.33,20.19,2.43,5.02,0.46,4.56,2.54,4.4,0.63,3.78
5/31/2007,62.5,83.75,10.13,52.76,21.74,10.78,27.35,16.4,10.94,23.02,2.26,4.47,0.47,4,2.36,3.95,0.62,3.33
6/30/2007,206.98,83.51,14.15,71.42,22.09,15.89,26.62,18.05,8.56,23.32,2.25,4.45,0.54,3.92,2.4,3.91,0.84,3.06
7/31/2007,302.5,83.4,16.37,86.89,21.11,18.44,24.44,18.29,6.16,21.89,2.15,4.27,0.48,3.78,2.33,3.94,0.75,3.19
8/31/2007,239.39,83.55,16.32,89.03,20.66,18.38,23.92,17.93,5.99,21.12,1.92,4,0.36,3.64,2.02,3.58,0.54,3.03
9/30/2007,181.52,83.72,14.97,88.64,19.35,16.96,22.57,16.77,5.8,19.53,1.78,3.55,0.4,3.15,2,3.3,0.61,2.69
10/31/2007,24.59,84.07,11.61,80.91,16.8,12.53,21.3,13.63,7.67,15.99,1.55,3.33,0.37,2.96,1.59,2.84,0.5,2.34
11/30/2007,2,84.26,7.23,64.97,12.81,5.22,18.27,9.29,8.98,10.64,1.59,3.34,0.48,2.86,1.67,2.83,0.64,2.19
12/31/2007,0.02,84.19,4.2,46.51,9.82,-2.11,16.41,5.96,10.45,6.56,1.64,3.61,0.55,3.07,1.79,3.27,0.71,2.56
1/31/2008,14.79,84.08,3.73,45.28,8.65,-3.53,15.06,4.68,10.38,6.49,1.83,4.09,0.62,3.47,2.03,3.84,0.81,3.03
2/29/2008,0.68,84.05,3.46,39.67,9.29,-4.49,16.4,4.3,12.11,7.62,2.15,4.66,0.65,4.01,2.29,4.13,0.85,3.28
3/31/2008,20.69,83.96,4.53,35.82,15.21,-0.53,22.36,9.45,12.91,14.54,2.45,4.93,0.46,4.48,2.6,4.42,0.56,3.86
4/30/2008,26.79,83.89,5.57,33.89,19.39,2.25,26.49,12.66,13.82,19.82,2.64,5.2,0.52,4.68,2.77,4.62,0.67,3.96
5/31/2008,111.02,83.63,9.53,50.49,21.38,9.89,27.21,15.79,11.42,22.97,2.42,4.9,0.52,4.38,2.55,4.36,0.71,3.65
6/30/2008,311.86,83.44,15.27,81.48,21.05,17.27,24.73,17.9,6.83,22.03,2.15,4.25,0.53,3.73,2.3,3.83,0.8,3.03
7/31/2008,314.76,83.42,16.55,89.67,20.75,18.58,23.78,18.03,5.75,21.32,2.05,4.02,0.49,3.53,2.21,3.64,0.78,2.87
8/31/2008,283.21,83.55,16.43,91.05,20.42,18.49,23.5,17.78,5.72,20.88,2.02,4.1,0.4,3.69,2.22,3.77,0.65,3.12
9/30/2008,203.99,83.83,14.43,87.25,19.07,16.28,22.46,16.38,6.08,19.03,1.59,3.22,0.41,2.82,1.71,2.84,0.57,2.27
10/31/2008,25.61,84.17,11.49,82.28,16.38,12.39,20.68,13.22,7.46,15.63,1.57,3.3,0.35,2.94,1.61,2.83,0.47,2.36
11/30/2008,0.05,84.28,8.07,69.77,13.46,6.87,18.73,9.98,8.75,11.26,1.49,3.34,0.41,2.94,1.55,2.86,0.52,2.33
12/31/2008,0.98,84.26,6.22,63.08,11.1,3.28,16.79,7.69,9.1,8.6,1.55,3.58,0.48,3.11,1.63,3.12,0.59,2.52
1/31/2009,0.07,84.28,4.22,44.53,10.67,-1.75,17.34,6.64,10.7,8.01,1.78,4.01,0.62,3.39,1.9,3.57,0.78,2.8
2/28/2009,0.46,84.03,3.7,34.38,12.55,-3.42,19.82,7.59,12.23,10.7,2.22,4.85,0.71,4.14,2.39,4.48,0.86,3.62
3/31/2009,5.95,84.03,3.97,29.68,15.69,-2.65,23.09,9.67,13.42,15.02,2.48,5.09,0.59,4.5,2.65,4.63,0.71,3.92
4/30/2009,1.51,83.85,4.54,25.56,20.42,-0.95,27.74,13.89,13.85,20.73,2.66,5.41,0.62,4.79,2.76,4.78,0.76,4.02
5/31/2009,121.02,83.71,10.01,54.04,21.06,10.4,26.78,15.69,11.09,22.49,2.43,4.89,0.59,4.3,2.57,4.38,0.79,3.59
6/30/2009,107.13,83.45,11.94,57.62,22.79,13.18,28.01,17.75,10.26,24.07,2.42,4.67,0.56,4.11,2.51,4.02,0.82,3.21
7/31/2009,219.03,83.39,16.22,79.78,22.37,18.31,26.57,18.83,7.74,23.66,2.37,4.78,0.48,4.29,2.5,4.35,0.78,3.56
8/31/2009,303.65,83.64,16.4,88.93,20.77,18.45,24.11,18.03,6.09,21.29,1.9,3.91,0.35,3.56,2.03,3.5,0.55,2.95
9/30/2009,54.1,83.84,14.95,86.72,19.74,16.92,23.44,16.86,6.58,19.92,1.73,3.73,0.38,3.35,1.83,3.28,0.58,2.7
10/31/2009,51.06,84.1,9.56,66.27,16.68,9.22,21.64,13.21,8.44,15.22,1.69,3.38,0.42,2.96,1.82,2.99,0.6,2.39
11/30/2009,2.92,84.25,5.94,51.53,13.43,2.65,19.54,9.52,10.03,11.36,1.76,3.83,0.51,3.31,1.9,3.43,0.66,2.77
12/31/2009,3.03,84.22,4.31,47.01,9.9,-1.54,16.4,6.21,10.2,7.44,1.66,4.13,0.46,3.67,1.74,3.61,0.56,3.05
1/31/2010,0.24,84.31,3.34,37.24,9.83,-4.84,17.21,5.35,11.86,7.22,1.89,4.34,0.62,3.72,1.99,3.78,0.8,2.98
2/28/2010,11.08,84.13,3.46,34.92,11.11,-4.39,18.33,5.97,12.36,9.43,2.2,4.91,0.61,4.3,2.32,4.43,0.77,3.67
3/31/2010,0.22,84.03,4.02,27.36,17.41,-2.07,24.95,11.46,13.48,16.79,2.64,5.4,0.61,4.8,2.83,4.93,0.81,4.12
4/30/2010,2.22,83.9,4.69,23.75,21.89,-0.68,29.29,15.05,14.25,22.51,2.84,5.66,0.7,4.97,3.04,5.21,0.85,4.37
5/31/2010,60.47,83.67,9.59,48.44,22.29,9.72,28.21,16.62,11.6,23.86,2.55,5.18,0.55,4.63,2.67,4.67,0.69,3.97
6/30/2010,98.65,83.54,12.58,58.11,23.61,13.85,29.12,18.63,10.49,25.59,2.63,5.01,0.62,4.39,2.7,4.42,0.8,3.63
7/31/2010,218.94,83.63,16.11,82.79,21.7,18.24,25.44,18.52,6.92,22.83,2.47,4.94,0.63,4.31,2.67,4.64,0.97,3.67
8/31/2010,341.26,83.73,16.45,89.04,20.83,18.56,24.04,18.19,5.84,21.39,2.04,4.16,0.41,3.74,2.22,3.83,0.64,3.19
9/30/2010,227.12,83.86,14.96,89.53,19.22,16.95,22.53,16.61,5.92,19.38,1.77,3.7,0.47,3.22,1.96,3.36,0.75,2.61
10/31/2010,42.72,84.02,11.37,79.37,16.71,12.1,20.95,13.61,7.34,15.69,1.64,3.26,0.43,2.82,1.75,2.85,0.57,2.28
11/30/2010,0.88,84.2,8.73,74.44,13.66,8.29,18.46,10.46,7.99,12.08,1.52,3.46,0.36,3.1,1.6,3.03,0.48,2.55
12/31/2010,2.57,84.03,4.27,48.23,9.6,-1.87,15.81,5.8,10.01,6.15,1.61,3.4,0.55,2.85,1.74,3,0.67,2.34
1/31/2011,0.9,84.01,3.75,49.39,7.37,-3.23,14.08,3.19,10.89,4.96,1.82,4.11,0.56,3.55,1.95,3.65,0.68,2.97
2/28/2011,12.38,84.07,4.07,41.95,10.95,-2.25,17.95,5.84,12.11,9.16,2.22,4.74,0.73,4,2.39,4.3,0.9,3.4
3/31/2011,10.37,83.98,4.56,35.33,15.3,-0.75,22.5,9.55,12.96,14.67,2.51,5.05,0.66,4.4,2.73,4.69,0.86,3.84
4/30/2011,19.41,84.01,6.08,38.68,18.23,2.97,24.83,12.02,12.81,18.98,2.55,5.04,0.56,4.48,2.75,4.61,0.68,3.93
5/31/2011,142.66,83.71,10.76,57.42,21.16,11.77,26.65,16.01,10.64,22.37,2.32,4.74,0.49,4.24,2.41,4.15,0.62,3.53
6/30/2011,179.45,83.4,13.62,68.4,22.09,15.31,26.88,17.7,9.18,23.47,2.36,4.72,0.46,4.26,2.46,4.23,0.67,3.56
7/31/2011,287.52,83.47,16.6,90.18,20.72,18.66,23.8,18.15,5.66,21.29,2.15,4.18,0.54,3.64,2.37,3.94,0.83,3.11
8/31/2011,261.75,83.62,16.2,90.22,20.35,18.27,23.48,17.75,5.73,20.67,2,4.03,0.42,3.61,2.23,3.75,0.68,3.07
9/30/2011,162.53,83.7,15.14,89.15,19.45,17.13,22.73,16.85,5.88,19.57,1.67,3.56,0.31,3.25,1.8,3.22,0.43,2.78
10/31/2011,6.3,84.12,11.32,79.54,16.62,12.24,21.05,13.37,7.68,15.85,1.63,3.57,0.33,3.24,1.68,3.07,0.43,2.64
11/30/2011,0.47,84.24,8.18,74.69,12.76,7.52,17.65,9.44,8.21,11.26,1.51,3.55,0.33,3.22,1.52,2.97,0.41,2.55
12/31/2011,0.8,84.21,4.57,50.43,9.75,-1.18,16.02,6.19,9.83,6.53,1.6,3.66,0.48,3.18,1.7,3.21,0.62,2.58
1/31/2012,13.74,84.08,3.94,52.26,7.16,-3.08,13.52,3.09,10.43,5.15,1.89,3.93,0.66,3.26,2.1,3.73,0.83,2.9
2/29/2012,5.59,83.98,3.99,41.18,11,-2.49,18.09,6.17,11.92,9.59,2.26,5.03,0.69,4.35,2.52,4.78,0.89,3.89
3/31/2012,10.19,83.95,3.85,31.37,14.62,-2.92,21.97,8.76,13.21,13.73,2.5,5.29,0.57,4.72,2.67,4.81,0.73,4.09
4/30/2012,11.14,83.83,6.04,36.12,19.53,3.52,26.4,13.02,13.38,20.42,2.92,5.93,0.75,5.18,3.25,5.73,0.98,4.75
5/31/2012,19.28,83.66,6.56,30.63,23.27,4.15,29.96,16.48,13.47,24.57,2.72,5.45,0.51,4.94,2.84,4.96,0.66,4.3
6/30/2012,72.37,83.25,11.47,50.15,24.59,12.51,30.09,19.44,10.65,26.03,2.56,5.31,0.41,4.89,2.66,4.8,0.56,4.24
7/31/2012,314.16,83.35,16.35,84.23,21.6,18.4,25.33,18.63,6.7,22.55,2.26,4.6,0.43,4.17,2.35,4.16,0.66,3.5
8/31/2012,227.13,83.57,16.07,87.36,20.73,18.15,24.26,17.82,6.44,21.27,1.95,4.04,0.4,3.64,1.99,3.49,0.56,2.93
9/30/2012,300.62,83.84,14.73,87.43,19.36,16.64,23.01,16.49,6.52,19.44,1.76,3.6,0.51,3.09,1.91,3.17,0.79,2.38
10/31/2012,26.94,84.16,9.81,74.79,15.17,9.33,20.07,11.7,8.37,13.83,1.79,3.4,0.72,2.69,1.98,3.06,1,2.06
11/30/2012,5.83,84.14,5.86,58.1,11.44,2.32,17.47,7.69,9.78,8.74,1.77,3.44,0.72,2.72,1.97,3.12,1,2.12
12/31/2012,0,84.11,4.07,46.57,9.23,-2.43,16.17,5.19,10.98,6.16,1.88,3.74,0.9,2.84,2.13,3.51,1.23,2.28
1/31/2013,9.42,84.16,3.11,41.48,6.98,-5.94,14.32,2.39,11.93,4.39,2.08,4.19,0.96,3.24,2.33,3.87,1.3,2.57
2/28/2013,43.67,84.22,4.43,47.3,10.69,-1.36,17.9,5.46,12.43,9.09,2.34,4.43,1.16,3.27,2.69,4.25,1.61,2.65
3/31/2013,15.49,84.06,5.49,41.76,15.58,2.02,22.72,9.89,12.84,15.02,2.65,5.5,0.91,4.59,2.88,5.15,1.17,3.98
4/30/2013,29.34,83.84,6.62,42.1,18.77,4.59,25.32,12.84,12.48,19.33,2.71,5.61,0.75,4.86,2.95,5.32,0.95,4.37
5/31/2013,121.28,83.6,8.01,41.69,21.52,7.26,27.88,15.69,12.19,22.28,2.48,5.05,0.53,4.51,2.51,4.41,0.63,3.78
6/30/2013,301.02,83.46,14.77,76.89,21.45,16.74,25.83,17.72,8.11,22.5,2.08,4.28,0.37,3.91,2.1,3.74,0.53,3.2
7/31/2013,221.42,83.38,16.48,86.9,21.18,18.55,24.84,18.15,6.69,21.99,2.03,4.22,0.32,3.9,2.03,3.67,0.42,3.26
8/31/2013,344.07,83.59,15.79,88.01,20.33,17.87,23.67,17.49,6.17,20.75,1.84,3.83,0.25,3.59,1.86,3.33,0.36,2.97
9/30/2013,177.45,83.79,14.79,86.69,19.55,16.64,23.12,16.6,6.52,19.51,1.82,3.59,0.47,3.12,1.98,3.25,0.69,2.56
10/31/2013,156.98,84.12,12.2,86.31,16.6,13.62,20.39,13.78,6.61,16.14,1.56,3.27,0.32,2.94,1.73,2.97,0.44,2.53
11/30/2013,2.8,84.26,7.52,69.02,12.65,5.89,17.79,9.33,8.46,10.08,1.52,3.21,0.47,2.74,1.62,2.82,0.58,2.24
12/31/2013,0.1,84.17,5.8,65.93,9.45,2.26,14.93,6.09,8.84,6.7,1.59,3.49,0.54,2.95,1.75,3.15,0.7,2.45
1/31/2014,8.92,84.32,4.66,55.97,8.72,-0.53,15.19,4.74,10.46,6.2,1.82,3.97,0.65,3.32,2.03,3.7,0.86,2.85
2/28/2014,18.24,84.03,4.73,51.68,10.06,-0.32,16.63,5.63,11,8.65,2.06,4.52,0.69,3.83,2.31,4.27,0.94,3.33
3/31/2014,19.8,84.11,5.47,44.67,14.57,2.01,21.26,9.34,11.92,14.02,2.47,5.2,0.65,4.55,2.66,4.89,0.82,4.07
4/30/2014,12.78,83.98,5.51,32.42,19.67,2.19,26.75,13.24,13.51,19.94,2.68,5.48,0.67,4.82,2.91,5.16,0.83,4.33
5/31/2014,135.25,83.78,9.01,46.99,21.89,8.95,27.69,16.24,11.45,22.74,2.5,5.07,0.51,4.56,2.7,4.72,0.62,4.1
6/30/2014,235.01,83.37,13.65,63.82,23.28,15.42,28.06,18.83,9.23,24.21,2.29,4.63,0.37,4.26,2.36,4.08,0.47,3.61
7/31/2014,308.64,83.44,17.04,88.16,21.5,19.05,24.52,18.89,5.63,21.93,1.98,3.99,0.39,3.59,2.11,3.65,0.61,3.04
8/31/2014,318.59,83.56,16.69,90.17,20.82,18.74,23.76,18.38,5.38,21.11,2.2,4.32,0.46,3.85,2.42,4.13,0.65,3.48
9/30/2014,222.05,83.81,15.11,89.72,19.32,17.13,22.51,16.81,5.7,19.4,1.82,3.81,0.4,3.41,2,3.55,0.58,2.96
10/31/2014,71.24,84.25,11.06,80.88,16.06,11.82,20.35,13.02,7.33,14.97,1.69,3.29,0.54,2.76,1.86,3.08,0.71,2.37
11/30/2014,0,84.19,7.35,64.73,13.15,5.85,18.3,9.98,8.32,10.47,1.61,3.43,0.45,2.98,1.76,3.09,0.62,2.47
12/31/2014,19.62,84.28,4.91,53.72,10.02,-0.03,16.13,6.36,9.77,6.53,1.56,3.12,0.6,2.52,1.77,2.96,0.76,2.2
1/31/2015,10.02,84.28,4.6,55.05,8.66,-0.77,15.12,4.43,10.69,6.32,1.82,3.75,0.69,3.06,2,3.46,0.88,2.59
2/28/2015,8.82,84.22,5.03,49.39,11.55,0.75,17.97,7.04,10.93,9.94,2.13,4.53,0.73,3.8,2.31,4.15,0.93,3.23
3/31/2015,76.37,84.23,6.57,53.19,14.55,4.21,20.82,9.53,11.28,13.97,2.32,4.49,0.85,3.64,2.63,4.36,1.11,3.26
4/30/2015,68.51,83.99,8.18,54.36,17.8,7.74,23.41,12.75,10.66,18.18,2.29,4.71,0.63,4.09,2.52,4.42,0.88,3.54
5/31/2015,68.05,83.78,8.79,44.14,22.18,8.76,28.11,16.28,11.83,22.59,2.45,5.01,0.42,4.59,2.59,4.58,0.53,4.06
6/30/2015,170.67,83.51,13,61.77,23.2,14.43,28.28,18.57,9.71,24.34,2.37,4.71,0.5,4.21,2.53,4.27,0.69,3.58
7/31/2015,298.18,83.44,16.41,85.7,21.36,18.45,24.85,18.41,6.44,21.91,2.28,4.47,0.37,4.1,2.51,4.22,0.61,3.61
8/31/2015,388.41,83.61,16.86,90.95,20.86,18.92,23.92,18.36,5.57,21.23,2.25,4.48,0.58,3.9,2.49,4.31,0.88,3.43
9/30/2015,135.67,83.86,15.16,87.47,19.81,17.17,23.18,17.12,6.06,19.74,1.82,3.84,0.4,3.45,1.97,3.54,0.58,2.96
10/31/2015,51.71,84.26,10.46,73.56,16.68,11.15,20.98,13.55,7.43,15.36,1.69,3.32,0.4,2.92,1.86,2.94,0.55,2.39
11/30/2015,0.15,84.35,7.55,64.86,13.71,6.47,18.63,10.41,8.22,11.43,1.63,3.32,0.43,2.9,1.79,2.93,0.59,2.34
12/31/2015,0,84.3,4.82,53.51,9.51,-0.26,15.42,5.91,9.51,6.66,1.68,3.71,0.49,3.23,1.84,3.33,0.64,2.69
1/31/2016,2.56,84.21,3.74,45.66,8.45,-3.16,14.8,4.57,10.24,5.77,1.86,4.31,0.54,3.78,2,3.85,0.64,3.2
2/29/2016,10.37,84.28,3.92,36.22,12.54,-2.7,19.54,7.61,11.93,10.48,2.15,4.45,0.63,3.82,2.36,4.16,0.81,3.35
3/31/2016,21.92,84.16,4.91,35.84,16.51,0.53,23.61,11.05,12.55,15.79,2.44,5.21,0.61,4.61,2.69,4.94,0.82,4.12
4/30/2016,5.04,83.78,5.09,26.54,21.78,0.85,29.17,15.23,13.93,21.8,3.1,6.31,0.91,5.4,3.55,6.38,1.21,5.16
5/31/2016,110.02,83.72,10.08,52.67,21.54,10.66,27.12,16.75,10.36,22.81,2.42,5.17,0.37,4.8,2.54,4.7,0.5,4.2
6/30/2016,261.58,83.62,14.9,75.26,22.03,16.91,25.95,18.5,7.45,22.95,2.16,4.37,0.45,3.92,2.27,3.89,0.66,3.23
7/31/2016,357.54,83.49,17.02,91.02,20.97,19.05,23.78,18.63,5.15,21.33,2.13,4.5,0.47,4.03,2.36,4.33,0.74,3.59
8/31/2016,114.62,83.57,16.69,88.2,21.18,18.69,24.23,18.63,5.6,21.3,1.92,4.02,0.36,3.66,2.07,3.75,0.56,3.19
9/30/2016,254.65,83.78,15.52,90.75,19.57,17.54,22.58,17.19,5.38,19.63,1.81,3.68,0.34,3.35,1.99,3.43,0.49,2.93
10/31/2016,72.55,84,11.79,79.29,17.18,12.79,21.23,14.26,6.97,16.19,1.61,3.32,0.39,2.92,1.75,2.98,0.53,2.45
11/30/2016,0,84.24,7.26,62.63,13.65,5.48,18.87,10.21,8.66,10.79,1.55,3.26,0.45,2.82,1.65,2.82,0.57,2.25
12/31/2016,0,84.28,5.54,54.43,11.63,1.77,17.54,8.08,9.46,8.37,1.54,3.42,0.46,2.96,1.65,2.96,0.56,2.4
1/31/2017,9.52,84.26,4.12,46.49,9.61,-2.25,16.07,5.5,10.57,7.14,1.79,3.88,0.55,3.32,1.94,3.53,0.68,2.84
2/28/2017,0.03,84.24,4.21,38.31,12.77,-1.66,19.77,7.83,11.94,10.9,2.1,4.64,0.54,4.1,2.22,4.12,0.67,3.45
3/31/2017,57.82,83.96,5.26,43.17,14.24,1.1,20.79,9.08,11.71,13.45,2.38,5.1,0.49,4.61,2.56,4.71,0.68,4.03
4/30/2017,71.15,83.86,7.21,42.1,19.57,5.52,26.38,13.5,12.88,19.54,2.46,4.93,0.59,4.33,2.68,4.53,0.84,3.7
5/31/2017,126.03,83.8,10.62,55.71,21.39,11.56,26.93,16.29,10.65,22.1,2.32,4.86,0.49,4.37,2.49,4.52,0.68,3.84
6/30/2017,128.86,83.49,13.86,65.47,23.15,15.67,27.81,18.94,8.87,24.31,2.35,4.65,0.48,4.17,2.45,4.17,0.68,3.49
7/31/2017,239.33,83.49,16.59,86.71,21.36,18.64,24.83,18.6,6.23,21.93,2.39,4.89,0.52,4.37,2.68,4.76,0.85,3.91
8/31/2017,344.93,83.59,17.02,91.86,20.84,19.04,23.6,18.63,4.98,21.07,2.12,4.22,0.45,3.77,2.35,4.16,0.69,3.47
9/30/2017,145.59,83.83,16.22,91.58,20.17,18.27,23.29,17.71,5.58,20.31,1.96,4.02,0.49,3.54,2.22,3.76,0.79,2.97
10/31/2017,48.25,84.05,12.35,80.46,17.7,13.6,21.81,14.62,7.19,17.11,1.67,3.45,0.35,3.1,1.81,3.05,0.49,2.56
11/30/2017,0.05,84.25,7.76,66.52,13.54,6.51,18.68,10.09,8.59,11.52,1.63,3.39,0.43,2.95,1.75,2.93,0.56,2.37
12/31/2017,0.02,84.35,4.94,46.87,12.06,0.04,18.25,8.47,9.78,8.84,1.6,3.56,0.44,3.13,1.74,3.23,0.59,2.64
1/31/2018,0.08,84.02,3.37,40.32,8.78,-4.49,15.68,4.6,11.09,5.95,1.77,4.24,0.53,3.71,1.85,3.66,0.62,3.04
2/28/2018,0.08,84.18,4,38.18,12.1,-2.18,18.77,7.55,11.22,10.41,2.1,4.77,0.44,4.33,2.25,4.38,0.58,3.8
3/31/2018,0.53,84.02,4.53,34.08,15.84,-0.44,23.05,9.84,13.21,15.29,2.49,4.98,0.47,4.51,2.68,4.51,0.59,3.93
4/30/2018,2.87,83.95,7.93,50.79,18.44,7.08,24.49,12.99,11.5,18.98,2.46,5.06,0.53,4.53,2.68,4.66,0.69,3.96
5/31/2018,4.81,83.77,11.14,62,20.51,12.25,25.77,15.66,10.11,21.52,2.37,4.84,0.53,4.3,2.54,4.35,0.79,3.56
6/30/2018,5.69,83.42,15.14,76.08,22.01,17.18,26.08,18.36,7.72,22.83,2.22,4.31,0.62,3.68,2.46,3.95,0.92,3.03
7/31/2018,8.92,83.34,16.91,86.37,21.72,18.95,25.01,18.98,6.03,22.3,2.3,4.48,0.61,3.87,2.6,4.27,0.96,3.31
8/31/2018,8.18,83.47,16.73,89.85,20.91,18.76,23.89,18.45,5.44,21.2,1.87,3.88,0.37,3.51,2.01,3.57,0.52,3.05
9/30/2018,2.16,83.88,15.37,88.26,19.89,17.32,23.55,17.1,6.45,20.04,2.04,4.14,0.49,3.65,2.26,3.83,0.73,3.1
10/31/2018,0.17,84.24,9.34,68.75,15.87,9.26,20.94,11.97,8.97,15.09,1.77,3.48,0.37,3.1,1.88,3,0.47,2.53
11/30/2018,0.01,84.3,6.46,56.52,13.39,4.24,19.36,9.45,9.91,11.7,1.78,4,0.35,3.65,1.9,3.56,0.46,3.1
12/31/2018,0.02,84.28,4.28,47.65,9.55,-1.92,16.07,5.4,10.66,7.29,1.71,3.86,0.42,3.44,1.82,3.38,0.55,2.83
1/31/2019,0.33,84.32,3.97,47.97,8.62,-2.49,15.17,4.4,10.76,6.76,1.87,4.05,0.54,3.51,2.02,3.77,0.68,3.09
2/28/2019,2.38,84.19,4.89,52.1,10.59,0.16,17.14,5.81,11.33,9.33,2.26,4.97,0.62,4.35,2.56,4.96,0.84,4.13
3/31/2019,1.01,84.06,5.3,44.04,14.17,1.43,21.09,8.74,12.35,13.57,2.51,5.17,0.76,4.41,2.76,4.86,1.01,3.85
4/30/2019,2.57,83.97,8,48.83,19.12,7.45,25.21,13.62,11.59,19.22,2.33,4.9,0.53,4.37,2.44,4.4,0.7,3.7
5/31/2019,2.54,83.76,8.49,42.87,22.1,8.13,28.52,16.03,12.49,22.74,2.54,5.05,0.54,4.52,2.75,4.72,0.68,4.05
6/30/2019,4.66,83.55,13.69,63.99,23.28,15.46,28.3,18.58,9.72,24.52,2.31,4.61,0.56,4.05,2.47,4.15,0.83,3.33
7/31/2019,12.98,83.41,17.04,88.35,21.5,19.03,24.57,18.93,5.64,22,2.4,4.61,0.48,4.12,2.7,4.6,0.77,3.82
8/31/2019,6.2,83.56,17.11,89.66,21.32,19.11,24.33,18.73,5.6,21.55,2.02,4.11,0.45,3.67,2.21,3.88,0.68,3.2
9/30/2019,8.21,83.95,15.53,91.05,19.51,17.56,22.37,17.23,5.14,19.6,1.73,3.63,0.35,3.28,1.97,3.42,0.57,2.85
10/31/2019,0.73,84.24,11.91,85.66,16.34,13.09,20.26,13.55,6.71,15.86,1.54,3.41,0.33,3.08,1.63,2.96,0.44,2.51
11/30/2019,1.14,84.3,8.6,72.6,13.88,7.89,18.63,10.84,7.79,11.71,1.45,3.22,0.4,2.82,1.54,2.83,0.51,2.32
12/31/2019,0.85,84.34,5.09,62.74,8.16,0.39,13.81,4.69,9.12,5.34,1.61,3.33,0.58,2.75,1.76,3.08,0.75,2.32
